id,timestamp,temperature,pressure,altitude,accel_x,accel_y,accel_z,gyro_x,gyro_y,gyro_z,temperature_status,pressure_status,imu_status
41,2026-09-29T15:50:57.209644,24.43,1014.39,-9.5,0.166,0.095,9.783,-0.027,0.05,-0.01,NORMAL,NORMAL,NORMAL
42,2026-09-29T15:50:58.211350,24.42,1014.57,-11.0,0.265,0.116,9.813,-0.03,0.062,0.005,NORMAL,NORMAL,NORMAL
43,2026-09-29T15:50:59.212679,24.56,1014.09,-6.97,0.271,0.082,9.816,-0.017,0.052,0.021,NORMAL,NORMAL,NORMAL
44,2026-09-29T15:51:00.215795,24.49,1014.08,-6.87,0.352,0.0,9.798,0.003,0.038,0.009,NORMAL,NORMAL,NORMAL
45,2026-09-29T15:51:01.218823,24.37,1013.67,-3.49,0.446,0.056,9.743,0.021,0.028,0.028,NORMAL,NORMAL,NORMAL
46,2026-09-29T15:51:02.221889,24.33,1013.5,-2.08,0.368,0.001,9.715,0.025,0.036,0.042,NORMAL,NORMAL,NORMAL
47,2026-09-29T15:51:03.225433,24.27,1013.39,-1.19,0.385,-0.068,9.785,0.016,0.017,0.062,NORMAL,NORMAL,NORMAL
48,2026-09-29T15:51:04.227229,24.12,1013.1,1.26,0.477,-0.019,9.88,0.001,0.003,0.071,NORMAL,NORMAL,NORMAL
49,2026-09-29T15:51:05.230840,24.09,1013.51,-2.2,0.576,0.04,9.94,-0.006,0.019,0.083,NORMAL,NORMAL,NORMAL
50,2026-09-29T15:51:06.233499,23.82,1013.45,-1.68,0.601,-0.045,9.849,-0.022,0.035,0.081,NORMAL,NORMAL,NORMAL
51,2026-09-29T15:51:07.235816,23.79,1013.03,1.82,0.514,-0.083,9.753,-0.024,0.047,0.066,NORMAL,NORMAL,NORMAL
52,2026-09-29T15:51:08.237705,23.53,1013.22,0.26,0.557,0.017,9.7,-0.008,0.059,0.079,NORMAL,NORMAL,NORMAL
53,2026-09-29T15:51:09.239645,23.66,1013.55,-2.51,0.502,-0.043,9.626,0.002,0.076,0.066,NORMAL,NORMAL,NORMAL
54,2026-09-29T15:51:10.241787,23.42,1013.74,-4.08,0.432,0.027,9.561,0.018,0.057,0.053,NORMAL,NORMAL,NORMAL
55,2026-09-29T15:51:11.243266,23.31,1013.37,-0.99,0.336,0.054,9.612,0.023,0.051,0.068,NORMAL,NORMAL,NORMAL
56,2026-09-29T15:51:12.245734,23.23,1013.1,1.24,20.0,20.0,20.0,0.006,0.052,0.069,NORMAL,NORMAL,CRITICAL
57,2026-09-29T15:51:13.247489,23.34,1013.1,1.27,20.0,20.0,20.0,0.001,0.05,0.085,NORMAL,NORMAL,CRITICAL
58,2026-09-29T15:51:14.250344,23.31,1013.27,-0.18,20.0,20.0,20.0,-0.003,0.039,0.092,NORMAL,NORMAL,CRITICAL
59,2026-09-29T15:51:15.251486,23.38,1013.12,1.06,20.0,20.0,20.0,0.002,0.04,0.098,NORMAL,NORMAL,CRITICAL
60,2026-09-29T15:51:16.254318,23.56,1012.66,4.93,20.0,20.0,20.0,-0.013,0.038,0.101,NORMAL,NORMAL,CRITICAL
61,2026-09-29T15:51:17.288219,23.46,1012.8,3.78,0.321,0.111,9.966,-0.02,0.051,0.113,NORMAL,NORMAL,NORMAL
62,2026-09-29T15:51:18.333736,23.55,1012.63,5.15,0.377,0.175,10.016,-0.03,0.046,0.118,NORMAL,NORMAL,NORMAL
63,2026-09-29T15:51:19.335431,23.54,1012.38,7.27,0.435,0.143,10.044,-0.021,0.036,0.108,NORMAL,NORMAL,NORMAL
64,2026-09-29T15:51:20.337508,23.24,1012.08,9.74,0.387,0.157,9.965,-0.017,0.048,0.118,NORMAL,NORMAL,NORMAL
65,2026-09-29T15:51:21.338866,23.0,1012.51,6.13,0.441,0.248,9.936,-0.033,0.044,0.126,NORMAL,NORMAL,NORMAL
66,2026-09-29T15:51:22.350929,23.28,1012.72,4.45,0.471,0.186,9.867,-0.051,0.044,0.127,NORMAL,NORMAL,NORMAL
67,2026-09-29T15:51:23.353764,23.26,1012.52,6.07,0.521,0.157,9.833,-0.045,0.048,0.139,NORMAL,NORMAL,NORMAL
68,2026-09-29T15:51:24.356392,23.17,1012.82,3.56,0.531,0.127,9.752,-0.041,0.067,0.143,NORMAL,NORMAL,NORMAL
69,2026-09-29T15:51:25.359017,23.25,1012.53,5.96,0.503,0.113,9.703,-0.025,0.073,0.124,NORMAL,NORMAL,NORMAL
70,2026-09-29T15:51:26.362413,22.96,1012.23,8.51,0.564,0.131,9.763,-0.033,0.067,0.139,NORMAL,NORMAL,NORMAL
71,2026-09-29T15:51:27.364299,22.89,1012.14,9.22,0.545,0.092,9.782,-0.038,0.078,0.152,NORMAL,NORMAL,NORMAL
72,2026-09-29T15:51:28.366248,23.07,1012.29,8.03,0.586,0.041,9.798,-0.024,0.093,0.164,NORMAL,NORMAL,NORMAL
73,2026-09-29T15:51:29.368470,23.04,1012.69,4.69,0.672,0.027,9.717,-0.022,0.106,0.156,NORMAL,NORMAL,NORMAL
74,2026-09-29T15:51:30.377222,23.21,1012.69,4.65,0.769,-0.058,9.81,-0.012,0.107,0.174,NORMAL,NORMAL,NORMAL
75,2026-09-29T15:51:31.379341,22.93,1012.59,5.54,0.794,0.003,9.793,-0.01,0.105,0.165,NORMAL,NORMAL,NORMAL
76,2026-09-29T15:51:32.382380,23.13,1012.78,3.94,0.89,-0.094,9.862,0.0,0.103,0.18,NORMAL,NORMAL,NORMAL
77,2026-09-29T15:51:33.384918,23.29,1012.67,4.82,0.856,-0.143,9.952,0.019,0.09,0.166,NORMAL,NORMAL,NORMAL
78,2026-09-29T15:51:34.386086,23.04,1012.28,8.06,0.926,-0.149,9.901,0.018,0.076,0.182,NORMAL,NORMAL,NORMAL
79,2026-09-29T15:51:35.388532,22.86,1012.17,9.02,0.952,-0.193,9.829,0.028,0.088,0.162,NORMAL,NORMAL,NORMAL
80,2026-09-29T15:51:36.391913,22.68,1012.52,6.11,1.048,-0.193,9.736,0.009,0.095,0.173,NORMAL,NORMAL,NORMAL
81,2026-09-29T15:51:37.394360,22.73,1013.01,2.0,1.145,-0.121,9.681,0.0,0.089,0.182,NORMAL,NORMAL,NORMAL
82,2026-09-29T15:51:38.396379,22.43,1013.3,-0.38,1.189,-0.045,9.714,0.019,0.084,0.185,NORMAL,NORMAL,NORMAL
83,2026-09-29T15:51:39.397711,22.54,1012.95,2.47,1.104,0.013,9.736,0.018,0.067,0.167,NORMAL,NORMAL,NORMAL
84,2026-09-29T15:51:40.399249,22.42,1012.45,6.63,1.081,-0.014,9.703,0.029,0.051,0.181,NORMAL,NORMAL,NORMAL
85,2026-09-29T15:51:41.401940,22.46,1012.13,9.33,1.012,-0.056,9.671,0.048,0.058,0.186,NORMAL,NORMAL,NORMAL
86,2026-09-29T15:51:42.405266,22.44,1012.17,9.02,1.064,-0.017,9.59,0.051,0.047,0.198,NORMAL,NORMAL,NORMAL
87,2026-09-29T15:51:43.406939,22.49,1012.1,9.6,1.12,-0.076,9.616,0.062,0.052,0.189,NORMAL,NORMAL,NORMAL
88,2026-09-29T15:51:44.408906,22.46,1012.33,7.67,1.035,-0.109,9.589,0.063,0.034,0.196,NORMAL,NORMAL,NORMAL
89,2026-09-29T15:51:45.411816,22.68,1011.93,10.97,1.042,-0.043,9.62,0.062,0.016,0.201,NORMAL,NORMAL,NORMAL
90,2026-09-29T15:51:46.415103,22.61,1012.26,8.24,0.951,0.01,9.527,0.045,0.028,0.218,NORMAL,NORMAL,NORMAL
91,2026-09-29T15:51:47.418677,22.89,1012.48,6.38,0.886,-0.014,9.624,0.065,0.01,0.216,NORMAL,NORMAL,NORMAL
92,2026-09-29T15:51:48.421595,22.61,1012.55,5.79,0.975,0.057,9.575,0.061,-0.007,0.218,NORMAL,NORMAL,NORMAL
93,2026-09-29T15:51:49.423213,22.42,1012.22,8.59,0.975,0.119,9.484,0.075,-0.009,0.202,NORMAL,NORMAL,NORMAL
94,2026-09-29T15:51:50.424833,22.29,1012.33,7.68,0.93,0.13,9.553,0.084,-0.012,0.201,NORMAL,NORMAL,NORMAL
95,2026-09-29T15:51:51.425929,22.46,1012.03,10.17,0.867,0.122,9.487,0.089,-0.014,0.19,NORMAL,NORMAL,NORMAL
96,2026-09-29T15:51:52.427867,22.38,1011.64,13.45,0.882,0.035,9.481,0.072,-0.012,0.178,NORMAL,NORMAL,NORMAL
97,2026-09-29T15:51:53.429488,22.37,1011.91,11.2,0.969,-0.024,9.444,0.091,-0.002,0.173,NORMAL,NORMAL,NORMAL
98,2026-09-29T15:51:54.430918,22.48,1011.78,12.22,1.021,0.021,9.472,0.087,0.003,0.159,NORMAL,NORMAL,NORMAL
99,2026-09-29T15:51:55.431922,22.59,1011.58,13.93,1.04,0.065,9.547,0.098,-0.012,0.173,NORMAL,NORMAL,NORMAL
100,2026-09-29T15:51:56.433892,22.78,1200.0,15.66,0.95,-0.03,9.63,0.079,-0.018,0.166,NORMAL,CRITICAL,NORMAL
101,2026-09-29T15:51:57.435291,22.48,1200.0,15.56,0.943,-0.094,9.664,0.065,-0.037,0.156,NORMAL,CRITICAL,NORMAL
102,2026-09-29T15:51:58.437285,22.73,1200.0,18.54,0.923,-0.092,9.656,0.052,-0.023,0.156,NORMAL,CRITICAL,NORMAL
103,2026-09-29T15:51:59.439245,22.96,1200.0,14.5,0.948,-0.102,9.742,0.036,-0.016,0.163,NORMAL,CRITICAL,NORMAL
104,2026-09-29T15:52:00.441042,22.76,1200.0,13.2,0.967,-0.043,9.787,0.032,-0.034,0.16,NORMAL,CRITICAL,NORMAL
105,2026-09-29T15:52:01.443999,22.99,1012.04,10.07,1.004,0.031,9.799,0.046,-0.05,0.155,NORMAL,NORMAL,NORMAL
106,2026-09-29T15:52:02.446371,22.71,1012.3,7.94,1.068,-0.051,9.893,0.062,-0.064,0.17,NORMAL,NORMAL,NORMAL
107,2026-09-29T15:52:03.449456,22.99,1011.97,10.64,1.08,0.023,9.973,0.079,-0.06,0.177,NORMAL,NORMAL,NORMAL
108,2026-09-29T15:52:04.452445,23.03,1012.09,9.63,1.019,0.115,9.999,0.07,-0.061,0.188,NORMAL,NORMAL,NORMAL
109,2026-09-29T15:52:05.455142,23.11,1011.96,10.74,0.942,0.022,10.059,0.088,-0.047,0.185,NORMAL,NORMAL,NORMAL
110,2026-09-29T15:52:06.458339,22.93,1012.2,8.74,0.976,-0.052,10.14,0.085,-0.038,0.169,NORMAL,NORMAL,NORMAL
111,2026-09-29T15:52:07.460297,23.19,1011.85,11.69,0.979,-0.001,10.164,0.096,-0.036,0.166,NORMAL,NORMAL,NORMAL
112,2026-09-29T15:52:08.462457,23.25,1011.51,14.53,0.961,0.077,10.073,0.086,-0.016,0.175,NORMAL,NORMAL,NORMAL
113,2026-09-29T15:52:09.465654,23.04,1011.49,14.7,0.917,0.05,9.984,0.094,0.002,0.161,NORMAL,NORMAL,NORMAL
114,2026-09-29T15:52:10.467391,23.0,1011.19,17.2,0.922,0.104,10.062,0.099,-0.005,0.158,NORMAL,NORMAL,NORMAL
115,2026-09-29T15:52:11.470657,23.27,1011.34,15.88,0.859,0.165,10.119,0.094,-0.015,0.164,NORMAL,NORMAL,NORMAL
116,2026-09-29T15:52:12.473573,23.2,1011.37,15.63,0.956,0.142,10.055,0.11,-0.035,0.152,NORMAL,NORMAL,NORMAL
117,2026-09-29T15:52:13.475161,23.4,1011.33,15.99,0.9,0.179,10.085,0.122,-0.035,0.168,NORMAL,NORMAL,NORMAL
118,2026-09-29T15:52:14.477980,23.43,1011.09,17.99,0.906,0.164,10.055,0.117,-0.022,0.155,NORMAL,NORMAL,NORMAL
119,2026-09-29T15:52:15.480754,23.45,1011.17,17.36,0.83,0.238,10.086,0.122,-0.034,0.158,NORMAL,NORMAL,NORMAL
120,2026-09-29T15:52:16.482278,23.73,1011.28,16.44,0.885,0.19,10.107,0.108,-0.02,0.15,NORMAL,NORMAL,NORMAL
121,2026-09-29T15:52:17.484382,23.59,1010.82,20.22,0.808,0.188,10.032,0.098,-0.001,0.143,NORMAL,NORMAL,NORMAL
122,2026-09-29T15:52:18.487350,23.66,1011.01,18.68,0.852,0.105,9.975,0.098,-0.007,0.132,NORMAL,NORMAL,NORMAL
123,2026-09-29T15:52:19.490049,23.84,1011.33,16.03,0.934,0.045,10.055,0.099,-0.026,0.128,NORMAL,NORMAL,NORMAL
124,2026-09-29T15:52:20.492230,23.69,1011.34,15.92,0.887,0.086,10.014,0.115,-0.007,0.13,NORMAL,NORMAL,NORMAL
125,2026-09-29T15:52:21.494454,23.88,1011.17,17.35,0.825,0.168,10.09,0.128,0.006,0.127,NORMAL,NORMAL,NORMAL
126,2026-09-29T15:52:22.496713,23.63,1011.46,14.88,0.894,0.092,10.139,0.14,0.006,0.14,NORMAL,NORMAL,NORMAL
127,2026-09-29T15:52:23.500108,23.84,1011.58,13.89,0.906,0.104,10.17,0.128,0.018,0.123,NORMAL,NORMAL,NORMAL
128,2026-09-29T15:52:24.501918,23.85,1011.88,11.4,0.916,0.182,10.214,0.131,0.019,0.125,NORMAL,NORMAL,NORMAL
129,2026-09-29T15:52:25.503715,23.66,1012.35,7.51,0.903,0.172,10.185,0.137,0.002,0.115,NORMAL,NORMAL,NORMAL
130,2026-09-29T15:52:26.505520,23.9,1012.38,7.27,0.839,0.146,10.273,0.131,0.021,0.13,NORMAL,NORMAL,NORMAL
131,2026-09-29T15:52:27.510085,23.89,1012.06,9.94,0.921,0.086,10.222,0.138,0.039,0.118,NORMAL,NORMAL,NORMAL
132,2026-09-29T15:52:28.512047,23.7,1011.83,11.84,0.829,0.039,10.309,0.141,0.02,0.11,NORMAL,NORMAL,NORMAL
133,2026-09-29T15:52:29.514097,23.95,1011.75,12.48,0.778,-0.011,10.322,0.156,0.02,0.115,NORMAL,NORMAL,NORMAL
134,2026-09-29T15:52:30.515754,23.69,1011.79,12.19,0.771,-0.041,10.253,0.139,0.004,0.13,NORMAL,NORMAL,NORMAL
135,2026-09-29T15:52:31.518072,23.7,1011.84,11.78,0.846,0.022,10.209,0.143,0.01,0.122,NORMAL,NORMAL,NORMAL
136,2026-09-29T15:52:32.521314,23.85,1011.92,11.07,0.892,0.024,10.242,0.149,0.008,0.128,NORMAL,NORMAL,NORMAL
137,2026-09-29T15:52:33.523442,23.58,1011.99,10.52,0.938,0.014,10.312,0.162,-0.01,0.143,NORMAL,NORMAL,NORMAL
138,2026-09-29T15:52:34.526482,23.83,1011.74,12.55,0.887,-0.056,10.335,0.15,-0.008,0.139,NORMAL,NORMAL,NORMAL
139,2026-09-29T15:52:35.529358,23.6,1011.65,13.31,0.822,-0.02,10.387,0.146,-0.02,0.128,NORMAL,NORMAL,NORMAL
140,2026-09-29T15:52:36.531148,23.79,1011.33,16.03,0.751,-0.09,10.382,0.147,-0.007,0.122,NORMAL,NORMAL,NORMAL
141,2026-09-29T15:52:37.533052,23.51,1200.0,15.57,0.715,-0.049,10.424,0.153,-0.006,0.105,NORMAL,CRITICAL,NORMAL
142,2026-09-29T15:52:38.534674,23.47,1200.0,17.44,0.675,0.028,10.41,0.161,-0.013,0.119,NORMAL,CRITICAL,NORMAL
143,2026-09-29T15:52:39.535922,23.46,1200.0,14.51,0.579,0.037,10.483,0.154,0.005,0.127,NORMAL,CRITICAL,NORMAL
144,2026-09-29T15:52:40.537550,23.21,1200.0,16.33,0.594,0.029,10.559,0.158,0.01,0.114,NORMAL,CRITICAL,NORMAL
145,2026-09-29T15:52:41.538827,22.99,1200.0,17.43,0.624,0.085,10.563,0.156,0.002,0.104,NORMAL,CRITICAL,NORMAL
146,2026-09-29T15:52:42.540884,22.99,1011.24,16.75,0.535,0.107,10.554,0.163,0.015,0.094,NORMAL,NORMAL,NORMAL
147,2026-09-29T15:52:43.544953,23.07,1011.16,17.44,0.438,0.059,10.646,0.172,0.018,0.075,NORMAL,NORMAL,NORMAL
148,2026-09-29T15:52:44.546143,22.81,1010.89,19.67,0.517,0.157,10.668,0.167,0.034,0.087,NORMAL,NORMAL,NORMAL
149,2026-09-29T15:52:45.547576,23.07,1010.57,22.31,0.511,0.242,10.616,0.169,0.04,0.102,NORMAL,NORMAL,NORMAL
150,2026-09-29T15:52:46.548541,23.21,1010.58,22.23,0.552,0.209,10.59,0.181,0.051,0.096,NORMAL,NORMAL,NORMAL
151,2026-09-29T15:52:47.549558,23.13,1010.45,23.34,0.632,0.142,10.616,0.194,0.06,0.098,NORMAL,NORMAL,NORMAL
152,2026-09-29T15:52:48.551054,23.26,1010.47,23.17,0.687,0.206,10.588,0.205,0.075,0.112,NORMAL,NORMAL,NORMAL
153,2026-09-29T15:52:49.552904,23.27,1010.18,25.6,0.737,0.189,10.541,0.197,0.084,0.097,NORMAL,NORMAL,NORMAL
154,2026-09-29T15:52:50.554606,23.22,1009.81,28.71,0.793,0.121,10.464,0.217,0.091,0.086,NORMAL,NORMAL,NORMAL
155,2026-09-29T15:52:51.557641,23.3,1009.69,29.65,0.798,0.124,10.423,0.203,0.084,0.087,NORMAL,NORMAL,NORMAL
156,2026-09-29T15:52:52.560649,23.59,1009.68,29.74,0.767,0.201,10.396,0.203,0.085,0.082,NORMAL,NORMAL,NORMAL
157,2026-09-29T15:52:53.562661,23.35,1009.32,32.75,0.706,0.243,10.468,0.193,0.083,0.072,NORMAL,NORMAL,NORMAL
158,2026-09-29T15:52:54.565708,23.35,1009.22,33.6,0.715,0.229,10.564,0.212,0.09,0.085,NORMAL,NORMAL,NORMAL
159,2026-09-29T15:52:55.567470,23.54,1008.9,36.25,0.692,0.194,10.634,0.219,0.098,0.066,NORMAL,NORMAL,NORMAL
160,2026-09-29T15:52:56.568961,23.37,1008.71,37.89,0.615,0.193,10.547,0.232,0.114,0.061,NORMAL,NORMAL,NORMAL
161,2026-09-29T15:52:57.570945,23.24,1009.08,34.75,0.575,0.112,10.45,0.251,0.119,0.057,NORMAL,NORMAL,NORMAL
162,2026-09-29T15:52:58.572817,23.32,1009.07,34.89,0.494,0.208,10.372,0.25,0.134,0.06,NORMAL,NORMAL,NORMAL
163,2026-09-29T15:52:59.575550,23.43,1008.84,36.78,0.438,0.256,10.47,0.238,0.138,0.042,NORMAL,NORMAL,NORMAL
164,2026-09-29T15:53:00.576799,23.49,1009.32,32.8,0.484,0.291,10.532,0.254,0.146,0.024,NORMAL,NORMAL,NORMAL
165,2026-09-29T15:53:01.578230,23.32,1009.42,31.92,0.486,0.345,10.46,0.273,0.163,0.044,NORMAL,NORMAL,NORMAL
166,2026-09-29T15:53:02.580800,23.37,1009.57,30.66,0.531,0.33,10.491,0.286,0.177,0.034,NORMAL,NORMAL,NORMAL
167,2026-09-29T15:53:03.582316,23.1,1009.15,34.2,0.446,0.369,10.461,0.295,0.192,0.046,NORMAL,NORMAL,NORMAL
168,2026-09-29T15:53:04.584499,23.31,1009.26,33.25,0.496,0.45,10.382,0.278,0.202,0.038,NORMAL,NORMAL,NORMAL
169,2026-09-29T15:53:05.586638,23.01,1009.18,33.97,20.0,20.0,20.0,0.297,0.192,0.03,NORMAL,NORMAL,CRITICAL
170,2026-09-29T15:53:06.588372,22.94,1008.78,37.28,20.0,20.0,20.0,0.296,0.175,0.042,NORMAL,NORMAL,CRITICAL
171,2026-09-29T15:53:07.590773,23.02,1009.23,33.5,20.0,20.0,20.0,0.288,0.167,0.028,NORMAL,NORMAL,CRITICAL
172,2026-09-29T15:53:08.592783,22.79,1009.06,34.95,20.0,20.0,20.0,0.27,0.15,0.018,NORMAL,NORMAL,CRITICAL
173,2026-09-29T15:53:09.596982,22.57,1009.55,30.85,20.0,20.0,20.0,0.277,0.162,0.029,NORMAL,NORMAL,CRITICAL
174,2026-09-29T15:53:10.598955,22.44,1009.6,30.47,0.674,0.372,10.416,0.288,0.174,0.046,NORMAL,NORMAL,NORMAL
175,2026-09-29T15:53:11.600760,22.54,1009.21,33.65,0.693,0.398,10.326,0.307,0.179,0.049,NORMAL,NORMAL,NORMAL
176,2026-09-29T15:53:12.602998,22.51,1009.27,33.15,0.771,0.467,10.241,0.326,0.18,0.058,NORMAL,NORMAL,NORMAL
177,2026-09-29T15:53:13.604550,22.62,1009.77,29.05,0.729,0.509,10.16,0.336,0.185,0.075,NORMAL,NORMAL,NORMAL
178,2026-09-29T15:53:14.606599,22.86,1009.35,32.48,0.717,0.49,10.123,0.347,0.187,0.091,NORMAL,NORMAL,NORMAL
179,2026-09-29T15:53:15.609079,22.68,1008.95,35.87,0.677,0.52,10.044,0.342,0.169,0.093,NORMAL,NORMAL,NORMAL
180,2026-09-29T15:53:16.610167,22.87,1009.18,33.97,0.777,0.567,10.1,0.35,0.169,0.085,NORMAL,NORMAL,NORMAL
181,2026-09-29T15:53:17.612324,22.66,1009.39,32.23,0.839,0.478,10.128,0.364,0.164,0.102,NORMAL,NORMAL,NORMAL
182,2026-09-29T15:53:18.613428,22.74,1009.13,34.36,0.855,0.551,10.216,0.371,0.177,0.112,NORMAL,NORMAL,NORMAL
183,2026-09-29T15:53:19.615177,22.95,1009.1,34.59,0.76,0.483,10.314,0.37,0.161,0.131,NORMAL,NORMAL,NORMAL
184,2026-09-29T15:53:20.617302,23.24,1008.98,35.64,0.704,0.47,10.282,0.369,0.146,0.146,NORMAL,NORMAL,NORMAL
185,2026-09-29T15:53:21.618930,23.07,1008.78,37.27,0.608,0.437,10.29,0.355,0.15,0.149,NORMAL,NORMAL,NORMAL
186,2026-09-29T15:53:22.621752,23.01,1009.19,33.89,0.685,0.36,10.328,0.346,0.13,0.166,NORMAL,NORMAL,NORMAL
187,2026-09-29T15:53:23.624323,22.9,1009.04,35.09,0.697,0.457,10.309,0.347,0.13,0.164,NORMAL,NORMAL,NORMAL
188,2026-09-29T15:53:24.628372,23.08,1008.66,38.28,0.738,0.429,10.236,0.342,0.113,0.176,NORMAL,NORMAL,NORMAL
189,2026-09-29T15:53:25.631872,23.06,1008.66,38.25,0.795,0.36,10.212,0.333,0.101,0.188,NORMAL,NORMAL,NORMAL
190,2026-09-29T15:53:26.634412,22.98,1008.71,37.85,0.706,0.384,10.231,0.325,0.084,0.186,NORMAL,NORMAL,NORMAL
191,2026-09-29T15:53:27.636307,22.9,1009.21,33.73,0.754,0.392,10.206,0.314,0.094,0.168,NORMAL,NORMAL,NORMAL
192,2026-09-29T15:53:28.639565,23.19,1008.96,35.78,0.752,0.492,10.235,0.297,0.087,0.161,NORMAL,NORMAL,NORMAL
193,2026-09-29T15:53:29.644729,23.08,1009.1,34.59,0.724,0.503,10.285,0.293,0.07,0.148,NORMAL,NORMAL,NORMAL
194,2026-09-29T15:53:30.646075,22.84,1008.91,36.21,0.635,0.461,10.233,0.288,0.055,0.134,NORMAL,NORMAL,NORMAL
195,2026-09-29T15:53:31.648678,22.95,1008.61,38.67,0.648,0.368,10.239,0.281,0.064,0.116,NORMAL,NORMAL,NORMAL
196,2026-09-29T15:53:32.652298,22.94,1008.3,41.25,0.722,0.363,10.185,0.269,0.08,0.114,NORMAL,NORMAL,NORMAL
197,2026-09-29T15:53:33.654373,22.76,1008.24,41.8,0.81,0.459,10.1,0.272,0.068,0.125,NORMAL,NORMAL,NORMAL
198,2026-09-29T15:53:34.656266,22.72,1008.12,42.84,0.748,0.384,10.148,0.269,0.049,0.123,NORMAL,NORMAL,NORMAL
199,2026-09-29T15:53:35.657724,22.82,1007.92,44.44,0.775,0.484,10.089,0.254,0.053,0.116,NORMAL,NORMAL,NORMAL
200,2026-09-29T15:53:36.660440,23.08,1008.15,42.54,0.752,0.574,10.123,0.265,0.036,0.097,NORMAL,NORMAL,NORMAL
201,2026-09-29T15:53:37.662010,23.24,1008.3,41.32,0.721,0.671,10.024,0.263,0.037,0.086,NORMAL,NORMAL,NORMAL
202,2026-09-29T15:53:38.663534,23.18,1008.7,37.93,0.665,0.678,10.124,0.28,0.051,0.084,NORMAL,NORMAL,NORMAL
203,2026-09-29T15:53:39.664952,22.89,1009.07,34.83,0.579,0.669,10.189,0.289,0.057,0.1,NORMAL,NORMAL,NORMAL
204,2026-09-29T15:53:40.667379,22.81,1008.67,38.18,0.641,0.715,10.284,0.3,0.062,0.086,NORMAL,NORMAL,NORMAL
205,2026-09-29T15:53:41.670029,22.93,1008.75,37.54,0.727,0.635,10.336,0.286,0.043,0.074,NORMAL,NORMAL,NORMAL
206,2026-09-29T15:53:42.672083,22.9,1009.01,35.34,0.69,0.578,10.316,0.295,0.023,0.056,NORMAL,NORMAL,NORMAL
207,2026-09-29T15:53:43.674908,23.1,1008.97,35.67,0.667,0.495,10.348,0.275,0.027,0.064,NORMAL,NORMAL,NORMAL
208,2026-09-29T15:53:44.677026,23.35,1008.96,35.79,0.705,0.489,10.392,0.273,0.018,0.073,NORMAL,NORMAL,NORMAL
209,2026-09-29T15:53:45.680138,23.61,1008.89,36.39,0.767,0.491,10.401,0.259,0.037,0.055,NORMAL,NORMAL,NORMAL
210,2026-09-29T15:53:46.682589,23.37,1009.36,32.42,0.863,0.419,10.407,0.256,0.032,0.058,NORMAL,NORMAL,NORMAL
211,2026-09-29T15:53:47.685105,23.26,1009.0,35.44,0.952,0.326,10.364,0.237,0.03,0.043,NORMAL,NORMAL,NORMAL
212,2026-09-29T15:53:48.688004,23.07,1008.97,35.68,1.031,0.349,10.312,0.244,0.039,0.056,NORMAL,NORMAL,NORMAL
213,2026-09-29T15:53:49.690643,23.3,1009.12,34.41,1.026,0.393,10.228,0.256,0.053,0.069,NORMAL,NORMAL,NORMAL
214,2026-09-29T15:53:50.694085,23.59,1009.27,33.19,,,,,,,NORMAL,NORMAL,SENSOR_FAILURE
215,2026-09-29T15:53:51.695892,23.63,1008.99,35.49,,,,,,,NORMAL,NORMAL,SENSOR_FAILURE
216,2026-09-29T15:53:52.697061,23.34,1008.71,37.86,,,,,,,NORMAL,NORMAL,SENSOR_FAILURE
217,2026-09-29T15:53:53.698888,23.52,1008.3,41.25,,,,,,,NORMAL,NORMAL,SENSOR_FAILURE
