id,timestamp,temperature,temperature_status
41,2026-09-29T15:50:57.209644,24.43,NORMAL
42,2026-09-29T15:50:58.211350,24.42,NORMAL
43,2026-09-29T15:50:59.212679,24.56,NORMAL
44,2026-09-29T15:51:00.215795,24.49,NORMAL
45,2026-09-29T15:51:01.218823,24.37,NORMAL
46,2026-09-29T15:51:02.221889,24.33,NORMAL
47,2026-09-29T15:51:03.225433,24.27,NORMAL
48,2026-09-29T15:51:04.227229,24.12,NORMAL
49,2026-09-29T15:51:05.230840,24.09,NORMAL
50,2026-09-29T15:51:06.233499,23.82,NORMAL
51,2026-09-29T15:51:07.235816,23.79,NORMAL
52,2026-09-29T15:51:08.237705,23.53,NORMAL
53,2026-09-29T15:51:09.239645,23.66,NORMAL
54,2026-09-29T15:51:10.241787,23.42,NORMAL
55,2026-09-29T15:51:11.243266,23.31,NORMAL
56,2026-09-29T15:51:12.245734,23.23,NORMAL
57,2026-09-29T15:51:13.247489,23.34,NORMAL
58,2026-09-29T15:51:14.250344,23.31,NORMAL
59,2026-09-29T15:51:15.251486,23.38,NORMAL
60,2026-09-29T15:51:16.254318,23.56,NORMAL
61,2026-09-29T15:51:17.288219,23.46,NORMAL
62,2026-09-29T15:51:18.333736,23.55,NORMAL
63,2026-09-29T15:51:19.335431,23.54,NORMAL
64,2026-09-29T15:51:20.337508,23.24,NORMAL
65,2026-09-29T15:51:21.338866,23.0,NORMAL
66,2026-09-29T15:51:22.350929,23.28,NORMAL
67,2026-09-29T15:51:23.353764,23.26,NORMAL
68,2026-09-29T15:51:24.356392,23.17,NORMAL
69,2026-09-29T15:51:25.359017,23.25,NORMAL
70,2026-09-29T15:51:26.362413,22.96,NORMAL
71,2026-09-29T15:51:27.364299,22.89,NORMAL
72,2026-09-29T15:51:28.366248,23.07,NORMAL
73,2026-09-29T15:51:29.368470,23.04,NORMAL
74,2026-09-29T15:51:30.377222,23.21,NORMAL
75,2026-09-29T15:51:31.379341,22.93,NORMAL
76,2026-09-29T15:51:32.382380,23.13,NORMAL
77,2026-09-29T15:51:33.384918,23.29,NORMAL
78,2026-09-29T15:51:34.386086,23.04,NORMAL
79,2026-09-29T15:51:35.388532,22.86,NORMAL
80,2026-09-29T15:51:36.391913,22.68,NORMAL
81,2026-09-29T15:51:37.394360,22.73,NORMAL
82,2026-09-29T15:51:38.396379,22.43,NORMAL
83,2026-09-29T15:51:39.397711,22.54,NORMAL
84,2026-09-29T15:51:40.399249,22.42,NORMAL
85,2026-09-29T15:51:41.401940,22.46,NORMAL
86,2026-09-29T15:51:42.405266,22.44,NORMAL
87,2026-09-29T15:51:43.406939,22.49,NORMAL
88,2026-09-29T15:51:44.408906,22.46,NORMAL
89,2026-09-29T15:51:45.411816,22.68,NORMAL
90,2026-09-29T15:51:46.415103,22.61,NORMAL
91,2026-09-29T15:51:47.418677,22.89,NORMAL
92,2026-09-29T15:51:48.421595,22.61,NORMAL
93,2026-09-29T15:51:49.423213,22.42,NORMAL
94,2026-09-29T15:51:50.424833,22.29,NORMAL
95,2026-09-29T15:51:51.425929,22.46,NORMAL
96,2026-09-29T15:51:52.427867,22.38,NORMAL
97,2026-09-29T15:51:53.429488,22.37,NORMAL
98,2026-09-29T15:51:54.430918,22.48,NORMAL
99,2026-09-29T15:51:55.431922,22.59,NORMAL
100,2026-09-29T15:51:56.433892,22.78,NORMAL
101,2026-09-29T15:51:57.435291,22.48,NORMAL
102,2026-09-29T15:51:58.437285,22.73,NORMAL
103,2026-09-29T15:51:59.439245,22.96,NORMAL
104,2026-09-29T15:52:00.441042,22.76,NORMAL
105,2026-09-29T15:52:01.443999,22.99,NORMAL
106,2026-09-29T15:52:02.446371,22.71,NORMAL
107,2026-09-29T15:52:03.449456,22.99,NORMAL
108,2026-09-29T15:52:04.452445,23.03,NORMAL
109,2026-09-29T15:52:05.455142,23.11,NORMAL
110,2026-09-29T15:52:06.458339,22.93,NORMAL
111,2026-09-29T15:52:07.460297,23.19,NORMAL
112,2026-09-29T15:52:08.462457,23.25,NORMAL
113,2026-09-29T15:52:09.465654,23.04,NORMAL
114,2026-09-29T15:52:10.467391,23.0,NORMAL
115,2026-09-29T15:52:11.470657,23.27,NORMAL
116,2026-09-29T15:52:12.473573,23.2,NORMAL
117,2026-09-29T15:52:13.475161,23.4,NORMAL
118,2026-09-29T15:52:14.477980,23.43,NORMAL
119,2026-09-29T15:52:15.480754,23.45,NORMAL
120,2026-09-29T15:52:16.482278,23.73,NORMAL
121,2026-09-29T15:52:17.484382,23.59,NORMAL
122,2026-09-29T15:52:18.487350,23.66,NORMAL
123,2026-09-29T15:52:19.490049,23.84,NORMAL
124,2026-09-29T15:52:20.492230,23.69,NORMAL
125,2026-09-29T15:52:21.494454,23.88,NORMAL
126,2026-09-29T15:52:22.496713,23.63,NORMAL
127,2026-09-29T15:52:23.500108,23.84,NORMAL
128,2026-09-29T15:52:24.501918,23.85,NORMAL
129,2026-09-29T15:52:25.503715,23.66,NORMAL
130,2026-09-29T15:52:26.505520,23.9,NORMAL
131,2026-09-29T15:52:27.510085,23.89,NORMAL
132,2026-09-29T15:52:28.512047,23.7,NORMAL
133,2026-09-29T15:52:29.514097,23.95,NORMAL
134,2026-09-29T15:52:30.515754,23.69,NORMAL
135,2026-09-29T15:52:31.518072,23.7,NORMAL
136,2026-09-29T15:52:32.521314,23.85,NORMAL
137,2026-09-29T15:52:33.523442,23.58,NORMAL
138,2026-09-29T15:52:34.526482,23.83,NORMAL
139,2026-09-29T15:52:35.529358,23.6,NORMAL
140,2026-09-29T15:52:36.531148,23.79,NORMAL
141,2026-09-29T15:52:37.533052,23.51,NORMAL
142,2026-09-29T15:52:38.534674,23.47,NORMAL
143,2026-09-29T15:52:39.535922,23.46,NORMAL
144,2026-09-29T15:52:40.537550,23.21,NORMAL
145,2026-09-29T15:52:41.538827,22.99,NORMAL
146,2026-09-29T15:52:42.540884,22.99,NORMAL
147,2026-09-29T15:52:43.544953,23.07,NORMAL
148,2026-09-29T15:52:44.546143,22.81,NORMAL
149,2026-09-29T15:52:45.547576,23.07,NORMAL
150,2026-09-29T15:52:46.548541,23.21,NORMAL
151,2026-09-29T15:52:47.549558,23.13,NORMAL
152,2026-09-29T15:52:48.551054,23.26,NORMAL
153,2026-09-29T15:52:49.552904,23.27,NORMAL
154,2026-09-29T15:52:50.554606,23.22,NORMAL
155,2026-09-29T15:52:51.557641,23.3,NORMAL
156,2026-09-29T15:52:52.560649,23.59,NORMAL
157,2026-09-29T15:52:53.562661,23.35,NORMAL
158,2026-09-29T15:52:54.565708,23.35,NORMAL
159,2026-09-29T15:52:55.567470,23.54,NORMAL
160,2026-09-29T15:52:56.568961,23.37,NORMAL
161,2026-09-29T15:52:57.570945,23.24,NORMAL
162,2026-09-29T15:52:58.572817,23.32,NORMAL
163,2026-09-29T15:52:59.575550,23.43,NORMAL
164,2026-09-29T15:53:00.576799,23.49,NORMAL
165,2026-09-29T15:53:01.578230,23.32,NORMAL
166,2026-09-29T15:53:02.580800,23.37,NORMAL
167,2026-09-29T15:53:03.582316,23.1,NORMAL
168,2026-09-29T15:53:04.584499,23.31,NORMAL
169,2026-09-29T15:53:05.586638,23.01,NORMAL
170,2026-09-29T15:53:06.588372,22.94,NORMAL
171,2026-09-29T15:53:07.590773,23.02,NORMAL
172,2026-09-29T15:53:08.592783,22.79,NORMAL
173,2026-09-29T15:53:09.596982,22.57,NORMAL
174,2026-09-29T15:53:10.598955,22.44,NORMAL
175,2026-09-29T15:53:11.600760,22.54,NORMAL
176,2026-09-29T15:53:12.602998,22.51,NORMAL
177,2026-09-29T15:53:13.604550,22.62,NORMAL
178,2026-09-29T15:53:14.606599,22.86,NORMAL
179,2026-09-29T15:53:15.609079,22.68,NORMAL
180,2026-09-29T15:53:16.610167,22.87,NORMAL
181,2026-09-29T15:53:17.612324,22.66,NORMAL
182,2026-09-29T15:53:18.613428,22.74,NORMAL
183,2026-09-29T15:53:19.615177,22.95,NORMAL
184,2026-09-29T15:53:20.617302,23.24,NORMAL
185,2026-09-29T15:53:21.618930,23.07,NORMAL
186,2026-09-29T15:53:22.621752,23.01,NORMAL
187,2026-09-29T15:53:23.624323,22.9,NORMAL
188,2026-09-29T15:53:24.628372,23.08,NORMAL
189,2026-09-29T15:53:25.631872,23.06,NORMAL
190,2026-09-29T15:53:26.634412,22.98,NORMAL
191,2026-09-29T15:53:27.636307,22.9,NORMAL
192,2026-09-29T15:53:28.639565,23.19,NORMAL
193,2026-09-29T15:53:29.644729,23.08,NORMAL
194,2026-09-29T15:53:30.646075,22.84,NORMAL
195,2026-09-29T15:53:31.648678,22.95,NORMAL
196,2026-09-29T15:53:32.652298,22.94,NORMAL
197,2026-09-29T15:53:33.654373,22.76,NORMAL
198,2026-09-29T15:53:34.656266,22.72,NORMAL
199,2026-09-29T15:53:35.657724,22.82,NORMAL
200,2026-09-29T15:53:36.660440,23.08,NORMAL
201,2026-09-29T15:53:37.662010,23.24,NORMAL
202,2026-09-29T15:53:38.663534,23.18,NORMAL
203,2026-09-29T15:53:39.664952,22.89,NORMAL
204,2026-09-29T15:53:40.667379,22.81,NORMAL
205,2026-09-29T15:53:41.670029,22.93,NORMAL
206,2026-09-29T15:53:42.672083,22.9,NORMAL
207,2026-09-29T15:53:43.674908,23.1,NORMAL
208,2026-09-29T15:53:44.677026,23.35,NORMAL
209,2026-09-29T15:53:45.680138,23.61,NORMAL
210,2026-09-29T15:53:46.682589,23.37,NORMAL
211,2026-09-29T15:53:47.685105,23.26,NORMAL
212,2026-09-29T15:53:48.688004,23.07,NORMAL
213,2026-09-29T15:53:49.690643,23.3,NORMAL
214,2026-09-29T15:53:50.694085,23.59,NORMAL
215,2026-09-29T15:53:51.695892,23.63,NORMAL
216,2026-09-29T15:53:52.697061,23.34,NORMAL
217,2026-09-29T15:53:53.698888,23.52,NORMAL
218,2026-09-29T15:53:54.700356,23.31,NORMAL
219,2026-09-29T15:53:55.701452,23.16,NORMAL
220,2026-09-29T15:53:56.702632,23.42,NORMAL
221,2026-09-29T15:53:57.703961,23.46,NORMAL
222,2026-09-29T15:53:58.706679,23.59,NORMAL
223,2026-09-29T15:53:59.708937,23.67,NORMAL
224,2026-09-29T15:54:00.710306,23.57,NORMAL
225,2026-09-29T15:54:01.712595,23.49,NORMAL
226,2026-09-29T15:54:02.714985,23.63,NORMAL
227,2026-09-29T15:54:03.716505,23.61,NORMAL
228,2026-09-29T15:54:04.718123,23.65,NORMAL
229,2026-09-29T15:54:05.720423,23.65,NORMAL
230,2026-09-29T15:54:06.722697,23.71,NORMAL
231,2026-09-29T15:54:07.724145,23.96,NORMAL
232,2026-09-29T15:54:08.726317,24.11,NORMAL
233,2026-09-29T15:54:09.727735,23.97,NORMAL
234,2026-09-29T15:54:10.729271,23.95,NORMAL
235,2026-09-29T15:54:11.731011,23.82,NORMAL
236,2026-09-29T15:54:12.732821,23.71,NORMAL
237,2026-09-29T15:54:13.735178,23.84,NORMAL
238,2026-09-29T15:54:14.737617,23.67,NORMAL
239,2026-09-29T15:54:15.739442,23.49,NORMAL
240,2026-09-29T15:54:16.741209,23.52,NORMAL
241,2026-09-29T15:54:17.744272,23.58,NORMAL
242,2026-09-29T15:54:18.747217,23.63,NORMAL
243,2026-09-29T15:54:19.749270,23.45,NORMAL
244,2026-09-29T15:54:20.750850,23.27,NORMAL
245,2026-09-29T15:54:21.752844,23.25,NORMAL
246,2026-09-29T15:54:22.755956,23.26,NORMAL
247,2026-09-29T15:54:23.759317,23.22,NORMAL
248,2026-09-29T15:54:24.762108,22.95,NORMAL
249,2026-09-29T15:54:25.763930,23.01,NORMAL
250,2026-09-29T15:54:26.765433,23.15,NORMAL
251,2026-09-29T15:54:27.766539,23.25,NORMAL
252,2026-09-29T15:54:28.769602,22.99,NORMAL
253,2026-09-29T15:54:29.771630,23.17,NORMAL
254,2026-09-29T15:54:30.774974,23.29,NORMAL
255,2026-09-29T15:54:31.777327,23.12,NORMAL
256,2026-09-29T15:54:32.779015,23.37,NORMAL
257,2026-09-29T15:54:33.781202,23.18,NORMAL
258,2026-09-29T15:54:34.783903,23.06,NORMAL
259,2026-09-29T15:54:35.786760,23.13,NORMAL
260,2026-09-29T15:54:36.789180,23.38,NORMAL
261,2026-09-29T15:54:37.792004,23.66,NORMAL
262,2026-09-29T15:54:38.794176,23.63,NORMAL
263,2026-09-29T15:54:39.797300,23.83,NORMAL
264,2026-09-29T15:54:40.799930,23.87,NORMAL
265,2026-09-29T15:54:41.801509,24.05,NORMAL
266,2026-09-29T15:54:42.803144,24.26,NORMAL
267,2026-09-29T15:54:43.805836,24.54,NORMAL
268,2026-09-29T15:54:44.808782,24.84,NORMAL
269,2026-09-29T15:54:45.810420,24.79,NORMAL
270,2026-09-29T15:54:46.813617,24.77,NORMAL
271,2026-09-29T15:54:47.815549,24.97,NORMAL
272,2026-09-29T15:54:48.817998,24.78,NORMAL
273,2026-09-29T15:54:49.820960,24.66,NORMAL
274,2026-09-29T15:54:50.823867,24.47,NORMAL
275,2026-09-29T15:54:51.828020,24.26,NORMAL
276,2026-09-29T15:54:52.829560,24.08,NORMAL
277,2026-09-29T15:54:53.830507,23.85,NORMAL
278,2026-09-29T15:54:54.833340,23.92,NORMAL
279,2026-09-29T15:54:55.834978,23.85,NORMAL
280,2026-09-29T15:54:56.837765,23.55,NORMAL
281,2026-09-29T15:54:57.839107,23.76,NORMAL
282,2026-09-29T15:54:58.841016,23.97,NORMAL
283,2026-09-29T15:54:59.842635,23.89,NORMAL
284,2026-09-29T15:55:00.844846,23.93,NORMAL
285,2026-09-29T15:55:01.846082,23.65,NORMAL
286,2026-09-29T15:55:02.847784,23.67,NORMAL
287,2026-09-29T15:55:03.849944,23.84,NORMAL
288,2026-09-29T15:55:04.852102,24.05,NORMAL
289,2026-09-29T15:55:05.855072,24.21,NORMAL
290,2026-09-29T15:55:06.857780,24.38,NORMAL
291,2026-09-29T15:55:07.859512,24.3,NORMAL
292,2026-09-29T15:55:08.862295,24.14,NORMAL
293,2026-09-29T15:55:09.863695,24.03,NORMAL
294,2026-09-29T15:55:10.865140,24.12,NORMAL
295,2026-09-29T15:55:11.866841,24.22,NORMAL
296,2026-09-29T15:55:12.869345,24.0,NORMAL
297,2026-09-29T15:55:13.871782,23.77,NORMAL
298,2026-09-29T15:55:14.874680,23.63,NORMAL
299,2026-09-29T15:55:15.876154,23.81,NORMAL
300,2026-09-29T15:55:16.879431,23.65,NORMAL
301,2026-09-29T15:55:17.880853,23.78,NORMAL
302,2026-09-29T15:55:18.883360,23.7,NORMAL
303,2026-09-29T15:55:19.886594,23.81,NORMAL
304,2026-09-29T15:55:20.889396,24.03,NORMAL
305,2026-09-29T15:55:21.891681,23.91,NORMAL
306,2026-09-29T15:55:22.894860,24.02,NORMAL
307,2026-09-29T15:55:23.897339,24.01,NORMAL
308,2026-09-29T15:55:24.899125,24.29,NORMAL
309,2026-09-29T15:55:25.901233,24.4,NORMAL
310,2026-09-29T15:55:26.902956,24.58,NORMAL
311,2026-09-29T15:55:27.904533,24.41,NORMAL
312,2026-09-29T15:55:28.906787,24.22,NORMAL
313,2026-09-29T15:55:29.909200,24.14,NORMAL
314,2026-09-29T15:55:30.914636,24.39,NORMAL
315,2026-09-29T15:55:31.916866,24.61,NORMAL
316,2026-09-29T15:55:32.920043,24.77,NORMAL
317,2026-09-29T15:55:33.922086,24.55,NORMAL
318,2026-09-29T15:55:34.925579,24.8,NORMAL
319,2026-09-29T15:55:35.929160,24.96,NORMAL
320,2026-09-29T15:55:36.932438,24.81,NORMAL
321,2026-09-29T15:55:37.935971,24.59,NORMAL
322,2026-09-29T15:55:38.940325,24.33,NORMAL
323,2026-09-29T15:55:39.942631,24.09,NORMAL
324,2026-09-29T15:55:40.944930,24.18,NORMAL
325,2026-09-29T15:55:41.946234,23.94,NORMAL
326,2026-09-29T15:55:42.947904,24.17,NORMAL
327,2026-09-29T15:55:43.949535,24.46,NORMAL
328,2026-09-29T15:55:44.951332,24.58,NORMAL
329,2026-09-29T15:55:45.954023,24.83,NORMAL
330,2026-09-29T15:55:46.955954,24.55,NORMAL
331,2026-09-29T15:55:47.956803,24.63,NORMAL
332,2026-09-29T15:55:48.958484,24.84,NORMAL
333,2026-09-29T15:55:49.961128,24.82,NORMAL
334,2026-09-29T15:55:50.963203,24.82,NORMAL
335,2026-09-29T15:55:51.966350,24.52,NORMAL
336,2026-09-29T15:55:52.967901,24.54,NORMAL
337,2026-09-29T15:55:53.968975,24.6,NORMAL
338,2026-09-29T15:55:54.970693,24.71,NORMAL
339,2026-09-29T15:55:55.972264,24.43,NORMAL
340,2026-09-29T15:55:56.973741,24.3,NORMAL
341,2026-09-29T15:55:57.975509,24.41,NORMAL
342,2026-09-29T15:55:58.977158,24.54,NORMAL
343,2026-09-29T15:55:59.983668,24.72,NORMAL
344,2026-09-29T15:56:00.985096,24.84,NORMAL
345,2026-09-29T15:56:01.986784,24.6,NORMAL
346,2026-09-29T15:56:02.988595,24.55,NORMAL
347,2026-09-29T15:56:03.989953,24.39,NORMAL
348,2026-09-29T15:56:04.991228,24.11,NORMAL
349,2026-09-29T15:56:05.998248,24.24,NORMAL
350,2026-09-29T15:56:07.000937,23.99,NORMAL
351,2026-09-29T15:56:08.003407,24.11,NORMAL
352,2026-09-29T15:56:09.004758,23.87,NORMAL
353,2026-09-29T15:56:10.006850,23.63,NORMAL
354,2026-09-29T15:56:11.008397,23.83,NORMAL
355,2026-09-29T15:56:12.011584,23.61,NORMAL
356,2026-09-29T15:56:13.013660,23.85,NORMAL
357,2026-09-29T15:56:14.016999,24.03,NORMAL
358,2026-09-29T15:56:15.018566,23.98,NORMAL
359,2026-09-29T15:56:16.021024,24.04,NORMAL
360,2026-09-29T15:56:17.022644,24.03,NORMAL
361,2026-09-29T15:56:18.025787,23.84,NORMAL
362,2026-09-29T15:56:19.027825,23.78,NORMAL
363,2026-09-29T15:56:20.030806,24.05,NORMAL
364,2026-09-29T15:56:21.032317,24.16,NORMAL
365,2026-09-29T15:56:22.035004,24.37,NORMAL
366,2026-09-29T15:56:23.036816,24.28,NORMAL
367,2026-09-29T15:56:24.038533,24.3,NORMAL
368,2026-09-29T15:56:25.041442,24.24,NORMAL
369,2026-09-29T15:56:26.044225,24.05,NORMAL
370,2026-09-29T15:56:27.046508,24.26,NORMAL
371,2026-09-29T15:56:28.049529,24.35,NORMAL
372,2026-09-29T15:56:29.051530,24.11,NORMAL
373,2026-09-29T15:56:30.054124,,SENSOR_FAILURE
374,2026-09-29T15:56:31.055663,,SENSOR_FAILURE
375,2026-09-29T15:56:32.058852,,SENSOR_FAILURE
376,2026-09-29T15:56:33.061082,,SENSOR_FAILURE
377,2026-09-29T15:56:34.064249,,SENSOR_FAILURE
378,2026-09-29T15:56:35.066497,23.92,NORMAL
379,2026-09-29T15:56:36.068852,23.69,NORMAL
380,2026-09-29T15:56:37.071784,23.92,NORMAL
381,2026-09-29T15:56:38.074920,23.79,NORMAL
382,2026-09-29T15:56:39.076985,23.66,NORMAL
383,2026-09-29T15:56:40.079837,23.69,NORMAL
384,2026-09-29T15:56:41.081750,23.73,NORMAL
385,2026-09-29T15:56:42.084115,23.65,NORMAL
386,2026-09-29T15:56:43.085838,23.79,NORMAL
387,2026-09-29T15:56:44.087465,23.88,NORMAL
388,2026-09-29T15:56:45.089883,24.15,NORMAL
389,2026-09-29T15:56:46.091015,23.95,NORMAL
390,2026-09-29T15:56:47.093329,23.8,NORMAL
391,2026-09-29T15:56:48.095653,23.69,NORMAL
392,2026-09-29T15:56:49.097319,23.86,NORMAL
393,2026-09-29T15:56:50.099284,23.68,NORMAL
394,2026-09-29T15:56:51.102069,23.4,NORMAL
395,2026-09-29T15:56:52.103745,23.18,NORMAL
396,2026-09-29T15:56:53.105616,23.46,NORMAL
397,2026-09-29T15:56:54.107787,23.21,NORMAL
398,2026-09-29T15:56:55.109790,23.42,NORMAL
399,2026-09-29T15:56:56.113197,23.56,NORMAL
400,2026-09-29T15:56:57.115035,23.45,NORMAL
401,2026-09-29T15:56:58.118883,23.58,NORMAL
402,2026-09-29T15:56:59.120850,23.62,NORMAL
403,2026-09-29T15:57:00.122505,23.88,NORMAL
404,2026-09-29T15:57:01.124162,23.74,NORMAL
405,2026-09-29T15:57:02.125749,23.56,NORMAL
406,2026-09-29T15:57:03.127934,23.7,NORMAL
407,2026-09-29T15:57:04.129913,23.45,NORMAL
408,2026-09-29T15:57:05.131690,23.23,NORMAL
409,2026-09-29T15:57:06.133945,23.05,NORMAL
410,2026-09-29T15:57:07.136748,23.16,NORMAL
411,2026-09-29T15:57:08.138269,23.12,NORMAL
412,2026-09-29T15:57:09.139502,23.38,NORMAL
413,2026-09-29T15:57:10.141178,23.32,NORMAL
414,2026-09-29T15:57:11.143969,23.19,NORMAL
415,2026-09-29T15:57:12.146695,23.42,NORMAL
416,2026-09-29T15:57:13.148482,23.2,NORMAL
417,2026-09-29T15:57:14.150220,23.13,NORMAL
418,2026-09-29T15:57:15.152463,23.13,NORMAL
419,2026-09-29T15:57:16.154590,22.84,NORMAL
420,2026-09-29T15:57:17.156903,22.91,NORMAL
421,2026-09-29T15:57:18.158202,23.18,NORMAL
422,2026-09-29T15:57:19.160157,23.37,NORMAL
423,2026-09-29T15:57:20.165482,23.44,NORMAL
424,2026-09-29T15:57:21.168025,23.16,NORMAL
425,2026-09-29T15:57:22.170234,22.95,NORMAL
426,2026-09-29T15:57:23.173203,23.15,NORMAL
427,2026-09-29T15:57:24.176522,22.88,NORMAL
428,2026-09-29T15:57:25.180092,22.81,NORMAL
429,2026-09-29T15:57:26.182564,22.82,NORMAL
430,2026-09-29T15:57:27.184365,22.61,NORMAL
431,2026-09-29T15:57:28.187138,22.32,NORMAL
432,2026-09-29T15:57:29.189898,22.46,NORMAL
433,2026-09-29T15:57:30.192254,22.26,NORMAL
434,2026-09-29T15:57:31.197044,22.28,NORMAL
435,2026-09-29T15:57:32.198453,22.02,NORMAL
436,2026-09-29T15:57:33.200742,22.14,NORMAL
437,2026-09-29T15:57:34.203450,22.13,NORMAL
438,2026-09-29T15:57:35.205224,21.86,NORMAL
439,2026-09-29T15:57:36.207940,21.92,NORMAL
440,2026-09-29T15:57:37.211053,21.63,NORMAL
441,2026-09-29T15:57:38.215092,21.69,NORMAL
442,2026-09-29T15:57:39.217745,21.72,NORMAL
443,2026-09-29T15:57:40.220555,21.79,NORMAL
444,2026-09-29T15:57:41.223332,21.55,NORMAL
445,2026-09-29T15:57:42.225842,21.44,NORMAL
446,2026-09-29T15:57:43.228194,21.26,NORMAL
447,2026-09-29T15:57:44.230869,21.16,NORMAL
448,2026-09-29T15:57:45.232812,21.43,NORMAL
449,2026-09-29T15:57:46.234515,21.34,NORMAL
450,2026-09-29T15:57:47.236422,21.12,NORMAL
451,2026-09-29T15:57:48.238588,21.24,NORMAL
452,2026-09-29T15:57:49.241538,20.99,NORMAL
453,2026-09-29T15:57:50.242867,20.87,NORMAL
454,2026-09-29T15:57:51.244841,21.15,NORMAL
455,2026-09-29T15:57:52.248080,20.95,NORMAL
456,2026-09-29T15:57:53.249894,20.86,NORMAL
457,2026-09-29T15:57:55.076621,21.07,NORMAL
458,2026-09-29T15:57:56.923419,21.29,NORMAL
459,2026-09-29T15:57:58.644003,21.17,NORMAL
460,2026-09-29T15:57:59.645302,20.89,NORMAL
461,2026-09-29T15:58:00.649399,20.93,NORMAL
462,2026-09-29T15:58:01.659152,20.67,NORMAL
463,2026-09-29T16:04:34.602119,25.79,NORMAL
464,2026-09-29T16:04:35.602931,26.0,NORMAL
465,2026-09-29T16:04:36.604342,25.85,NORMAL
466,2026-09-29T16:04:37.605485,25.75,NORMAL
467,2026-09-29T16:04:38.606374,25.46,NORMAL
468,2026-09-29T16:04:39.607590,25.28,NORMAL
469,2026-09-29T16:04:40.608846,25.33,NORMAL
470,2026-09-29T16:04:41.612299,25.53,NORMAL
471,2026-09-29T16:04:42.615029,25.51,NORMAL
472,2026-09-29T16:04:43.616300,25.4,NORMAL
473,2026-09-29T16:04:44.617915,25.22,NORMAL
474,2026-09-29T16:04:45.620129,25.49,NORMAL
475,2026-09-29T16:04:46.623183,70.0,CRITICAL
476,2026-09-29T16:04:47.625131,70.0,CRITICAL
477,2026-09-29T16:04:48.627826,70.0,CRITICAL
478,2026-09-29T16:04:49.629688,70.0,CRITICAL
479,2026-09-29T16:04:50.631283,70.0,CRITICAL
480,2026-09-29T16:04:51.633684,25.8,NORMAL
481,2026-09-29T16:04:52.636261,26.0,NORMAL
482,2026-09-29T16:04:53.638989,25.88,NORMAL
483,2026-09-29T16:04:54.642234,25.89,NORMAL
484,2026-09-29T16:04:55.643965,26.13,NORMAL
485,2026-09-29T16:04:56.646712,26.22,NORMAL
486,2026-09-29T16:04:57.648512,26.24,NORMAL
487,2026-09-29T16:04:58.651456,26.35,NORMAL
488,2026-09-29T16:04:59.654021,26.11,NORMAL
489,2026-09-29T16:05:00.657128,26.12,NORMAL
490,2026-09-29T16:05:01.660530,26.23,NORMAL
491,2026-09-29T16:05:02.662323,26.04,NORMAL
492,2026-09-29T16:05:03.664500,26.18,NORMAL
493,2026-09-29T16:05:04.667379,26.37,NORMAL
494,2026-09-29T16:05:05.670439,26.22,NORMAL
495,2026-09-29T16:05:06.672650,26.21,NORMAL
496,2026-09-29T16:05:07.673911,26.28,NORMAL
497,2026-09-29T16:05:08.675381,26.55,NORMAL
498,2026-09-29T16:05:09.676270,26.29,NORMAL
499,2026-09-29T16:05:10.677574,26.32,NORMAL
500,2026-09-29T16:05:11.678670,26.13,NORMAL
501,2026-09-29T16:05:12.679975,26.11,NORMAL
502,2026-09-29T16:05:13.682624,26.19,NORMAL
503,2026-09-29T16:05:14.684353,25.96,NORMAL
504,2026-09-29T16:05:15.687163,26.19,NORMAL
505,2026-09-29T16:05:16.689529,26.34,NORMAL
506,2026-09-29T16:05:17.691873,26.17,NORMAL
507,2026-09-29T16:05:18.695510,,SENSOR_FAILURE
508,2026-09-29T16:05:19.697180,,SENSOR_FAILURE
509,2026-09-29T16:05:20.698654,,SENSOR_FAILURE
510,2026-09-29T16:05:21.700298,,SENSOR_FAILURE
511,2026-09-29T16:05:22.701665,,SENSOR_FAILURE
512,2026-09-29T16:05:23.703674,26.16,NORMAL
513,2026-09-29T16:05:24.705184,25.93,NORMAL
514,2026-09-29T16:05:25.707182,26.0,NORMAL
515,2026-09-29T16:05:26.709972,26.23,NORMAL
516,2026-09-29T16:05:27.711528,26.25,NORMAL
517,2026-09-29T16:05:28.713828,26.12,NORMAL
518,2026-09-29T16:05:29.717206,26.17,NORMAL
519,2026-09-29T16:05:30.719486,25.88,NORMAL
520,2026-09-29T16:05:31.730185,25.83,NORMAL
521,2026-09-29T16:05:32.733601,25.97,NORMAL
522,2026-09-29T16:05:33.737017,25.69,NORMAL
523,2026-09-29T16:05:34.740170,25.77,NORMAL
524,2026-09-29T16:05:35.742672,25.73,NORMAL
525,2026-09-29T16:05:36.745275,25.78,NORMAL
526,2026-09-29T16:05:37.762202,25.53,NORMAL
527,2026-09-29T16:05:38.844100,25.32,NORMAL
528,2026-09-29T16:05:39.847226,25.15,NORMAL
529,2026-09-29T16:05:40.850494,25.11,NORMAL
530,2026-09-29T16:05:41.852401,25.29,NORMAL
531,2026-09-29T16:05:42.853630,25.57,NORMAL
532,2026-09-29T16:05:43.855450,25.29,NORMAL
533,2026-09-29T16:05:44.857513,25.06,NORMAL
534,2026-09-29T16:05:45.859439,25.16,NORMAL
535,2026-09-29T16:05:46.861276,25.28,NORMAL
536,2026-09-29T16:05:47.863034,25.32,NORMAL
537,2026-09-29T16:05:48.864512,25.51,NORMAL
538,2026-09-29T16:05:49.865615,25.36,NORMAL
539,2026-09-29T16:05:50.867477,25.28,NORMAL
540,2026-09-29T16:05:51.870674,25.31,NORMAL
541,2026-09-29T16:05:52.872977,25.04,NORMAL
542,2026-09-29T16:05:53.874223,24.88,NORMAL
543,2026-09-29T16:05:54.879696,25.05,NORMAL
544,2026-09-29T16:05:55.880799,25.22,NORMAL
545,2026-09-29T16:05:56.883096,,SENSOR_FAILURE
546,2026-09-29T16:05:57.884075,,SENSOR_FAILURE
547,2026-09-29T16:05:58.887342,,SENSOR_FAILURE
548,2026-09-29T16:05:59.890617,,SENSOR_FAILURE
549,2026-09-29T16:06:00.897297,,SENSOR_FAILURE
550,2026-09-29T16:06:01.899701,25.08,NORMAL
551,2026-09-29T16:06:02.900777,24.98,NORMAL
552,2026-09-29T16:06:03.902465,25.16,NORMAL
553,2026-09-29T16:06:04.903971,24.89,NORMAL
554,2026-09-29T16:06:05.905063,25.1,NORMAL
555,2026-09-29T16:06:06.907546,25.06,NORMAL
556,2026-09-29T16:06:07.909542,24.76,NORMAL
557,2026-09-29T16:06:08.911460,24.75,NORMAL
558,2026-09-29T16:06:09.913717,24.95,NORMAL
559,2026-09-29T16:06:10.916718,25.12,NORMAL
560,2026-09-29T16:06:11.918581,24.89,NORMAL
561,2026-09-29T16:06:12.920525,24.73,NORMAL
562,2026-09-29T16:06:13.922207,24.59,NORMAL
563,2026-09-29T16:06:14.926801,24.45,NORMAL
564,2026-09-29T16:06:15.929384,24.23,NORMAL
565,2026-09-29T16:06:16.930960,24.09,NORMAL
566,2026-09-29T16:06:17.937383,24.07,NORMAL
567,2026-09-29T16:06:18.940731,24.07,NORMAL
568,2026-09-29T16:06:19.942105,23.83,NORMAL
569,2026-09-29T16:06:20.943338,23.84,NORMAL
570,2026-09-29T16:06:21.946347,23.66,NORMAL
571,2026-09-29T16:06:22.948096,23.64,NORMAL
572,2026-09-29T16:06:23.949544,23.49,NORMAL
573,2026-09-29T16:06:24.951273,23.75,NORMAL
574,2026-09-29T16:06:25.953093,24.04,NORMAL
575,2026-09-29T16:06:26.955181,23.98,NORMAL
576,2026-09-29T16:06:27.960041,23.98,NORMAL
577,2026-09-29T16:06:28.961175,23.7,NORMAL
578,2026-09-29T16:06:29.962662,23.79,NORMAL
579,2026-09-29T16:06:30.963902,23.72,NORMAL
580,2026-09-29T16:06:31.964980,23.94,NORMAL
581,2026-09-29T16:06:32.966579,24.2,NORMAL
582,2026-09-29T16:06:33.972020,24.42,NORMAL
583,2026-09-29T16:06:34.973252,24.7,NORMAL
584,2026-09-29T16:06:35.974655,24.97,NORMAL
585,2026-09-29T16:06:36.977529,25.14,NORMAL
586,2026-09-29T16:06:37.979255,25.27,NORMAL
587,2026-09-29T16:06:38.980977,25.05,NORMAL
588,2026-09-29T16:06:39.982325,25.17,NORMAL
589,2026-09-29T16:06:40.984547,25.14,NORMAL
590,2026-09-29T16:06:41.986632,25.01,NORMAL
591,2026-09-29T16:06:42.988616,25.27,NORMAL
592,2026-09-29T16:06:43.990226,25.5,NORMAL
593,2026-09-29T16:06:44.991128,25.23,NORMAL
594,2026-09-29T16:06:45.992480,25.36,NORMAL
595,2026-09-29T16:06:46.994680,25.57,NORMAL
596,2026-09-29T16:06:47.996007,25.63,NORMAL
597,2026-09-29T16:06:48.997505,25.59,NORMAL
598,2026-09-29T16:06:50.000280,25.73,NORMAL
599,2026-09-29T16:06:51.002693,25.84,NORMAL
600,2026-09-29T16:06:52.004913,25.65,NORMAL
601,2026-09-29T16:06:53.007006,25.84,NORMAL
602,2026-09-29T16:06:54.008460,25.64,NORMAL
603,2026-09-29T16:06:55.011129,25.73,NORMAL
604,2026-09-29T16:06:56.012583,25.59,NORMAL
605,2026-09-29T16:06:57.014778,25.61,NORMAL
606,2026-09-29T16:06:58.017434,25.73,NORMAL
607,2026-09-29T16:06:59.020152,25.63,NORMAL
608,2026-09-29T16:07:00.023333,25.57,NORMAL
609,2026-09-29T16:07:01.027178,25.47,NORMAL
610,2026-09-29T16:07:02.031295,25.51,NORMAL
611,2026-09-29T16:07:03.033794,25.38,NORMAL
612,2026-09-29T16:07:04.036788,25.38,NORMAL
613,2026-09-29T16:07:05.040021,25.53,NORMAL
614,2026-09-29T16:07:06.042782,25.63,NORMAL
615,2026-09-29T16:07:07.045387,25.62,NORMAL
616,2026-09-29T16:07:08.049329,25.75,NORMAL
617,2026-09-29T16:07:09.051085,25.61,NORMAL
618,2026-09-29T16:07:10.054076,25.35,NORMAL
619,2026-09-29T16:07:11.057479,25.15,NORMAL
620,2026-09-29T16:07:12.060792,25.15,NORMAL
621,2026-09-29T16:07:13.070290,25.19,NORMAL
622,2026-09-29T16:07:14.074065,24.92,NORMAL
623,2026-09-29T16:07:15.078997,25.19,NORMAL
624,2026-09-29T16:07:16.083039,25.06,NORMAL
625,2026-09-29T16:07:17.086394,24.93,NORMAL
626,2026-09-29T16:07:18.089471,25.13,NORMAL
627,2026-09-29T16:07:19.092901,24.97,NORMAL
628,2026-09-29T16:07:20.096165,25.2,NORMAL
629,2026-09-29T16:07:21.099640,25.3,NORMAL
630,2026-09-29T16:07:22.102706,25.22,NORMAL
631,2026-09-29T16:07:23.104701,25.08,NORMAL
632,2026-09-29T16:07:24.107632,25.35,NORMAL
633,2026-09-29T16:07:25.110755,25.54,NORMAL
634,2026-09-29T16:07:26.114915,25.55,NORMAL
635,2026-09-29T16:07:27.160054,25.63,NORMAL
636,2026-09-29T16:07:28.163149,25.65,NORMAL
637,2026-09-29T16:07:29.165484,25.66,NORMAL
638,2026-09-29T16:07:30.168020,25.74,NORMAL
639,2026-09-29T16:07:31.170494,25.76,NORMAL
640,2026-09-29T16:07:32.198073,25.58,NORMAL
641,2026-09-29T16:07:33.233291,25.65,NORMAL
642,2026-09-29T16:07:34.239570,25.89,NORMAL
643,2026-09-29T16:07:35.242364,25.99,NORMAL
644,2026-09-29T16:07:36.245162,25.82,NORMAL
645,2026-09-29T16:07:37.247763,25.94,NORMAL
646,2026-09-29T16:07:38.251586,,SENSOR_FAILURE
647,2026-09-29T16:07:39.255535,,SENSOR_FAILURE
648,2026-09-29T16:07:40.258524,,SENSOR_FAILURE
649,2026-09-29T16:07:41.262895,,SENSOR_FAILURE
650,2026-09-29T16:07:42.265743,,SENSOR_FAILURE
651,2026-09-29T16:07:43.272987,25.86,NORMAL
652,2026-09-29T16:07:44.275889,25.81,NORMAL
653,2026-09-29T16:07:45.279323,25.74,NORMAL
654,2026-09-29T16:07:46.281864,25.99,NORMAL
655,2026-09-29T16:07:47.284469,26.28,NORMAL
656,2026-09-29T16:07:48.287089,26.24,NORMAL
657,2026-09-29T16:07:49.290353,26.18,NORMAL
658,2026-09-29T16:07:50.293413,26.47,NORMAL
659,2026-09-29T16:07:51.296307,26.61,NORMAL
660,2026-09-29T16:07:52.298926,26.69,NORMAL
661,2026-09-29T16:07:53.302155,26.54,NORMAL
662,2026-09-29T16:07:54.307483,26.45,NORMAL
663,2026-09-29T16:07:55.310533,26.67,NORMAL
664,2026-09-29T16:07:56.313488,26.78,NORMAL
665,2026-09-29T16:07:57.316042,26.75,NORMAL
666,2026-09-29T16:07:58.318725,26.47,NORMAL
667,2026-09-29T16:07:59.321922,26.24,NORMAL
668,2026-09-29T16:08:00.325040,26.41,NORMAL
669,2026-09-29T16:08:01.327875,26.15,NORMAL
670,2026-09-29T16:08:02.330504,26.01,NORMAL
671,2026-09-29T16:08:03.333276,25.73,NORMAL
672,2026-09-29T16:08:04.335902,25.62,NORMAL
673,2026-09-29T16:08:05.339413,25.69,NORMAL
674,2026-09-29T16:08:06.343179,25.78,NORMAL
675,2026-09-29T16:08:07.346411,25.6,NORMAL
676,2026-09-29T16:08:08.350148,25.89,NORMAL
677,2026-09-29T16:08:09.353133,25.74,NORMAL
678,2026-09-29T16:08:10.357659,25.99,NORMAL
679,2026-09-29T16:08:11.361370,25.84,NORMAL
680,2026-09-29T16:08:12.363908,25.92,NORMAL
681,2026-09-29T16:08:13.366745,26.16,NORMAL
682,2026-09-29T16:08:14.369834,26.34,NORMAL
683,2026-09-29T16:08:15.372698,26.25,NORMAL
684,2026-09-29T16:08:16.375727,26.31,NORMAL
685,2026-09-29T16:08:17.378858,26.29,NORMAL
686,2026-09-29T16:08:18.381373,26.18,NORMAL
687,2026-09-29T16:08:19.383916,26.38,NORMAL
688,2026-09-29T16:08:20.387276,26.5,NORMAL
689,2026-09-29T16:08:21.389823,26.33,NORMAL
690,2026-09-29T16:08:22.393699,70.0,CRITICAL
691,2026-09-29T16:08:23.396588,70.0,CRITICAL
692,2026-09-29T16:08:24.402134,70.0,CRITICAL
693,2026-09-29T16:08:25.406111,70.0,CRITICAL
694,2026-09-29T16:08:26.416682,70.0,CRITICAL
695,2026-09-29T16:08:27.419706,26.89,NORMAL
696,2026-09-29T16:08:28.423437,26.77,NORMAL
697,2026-09-29T16:08:29.434376,26.61,NORMAL
698,2026-09-29T16:08:30.437723,26.9,NORMAL
699,2026-09-29T16:08:31.441058,26.94,NORMAL
700,2026-09-29T16:08:32.445166,27.12,NORMAL
701,2026-09-29T16:08:33.448367,27.38,NORMAL
702,2026-09-29T16:08:34.450944,27.25,NORMAL
703,2026-09-29T16:08:35.453985,27.32,NORMAL
704,2026-09-29T16:08:36.458866,27.03,NORMAL
705,2026-09-29T16:08:37.462887,26.98,NORMAL
706,2026-09-29T16:08:38.466063,26.71,NORMAL
707,2026-09-29T16:08:39.468239,26.74,NORMAL
708,2026-09-29T16:08:40.471364,26.87,NORMAL
709,2026-09-29T16:08:41.474732,26.87,NORMAL
710,2026-09-29T16:08:42.477868,26.76,NORMAL
711,2026-09-29T16:08:43.480540,27.0,NORMAL
712,2026-09-29T16:08:44.483722,26.84,NORMAL
713,2026-09-29T16:08:45.486669,26.99,NORMAL
714,2026-09-29T16:08:46.489593,26.76,NORMAL
715,2026-09-29T16:08:47.492872,26.84,NORMAL
716,2026-09-29T16:08:48.495739,27.09,NORMAL
717,2026-09-29T16:08:49.498656,27.24,NORMAL
718,2026-09-29T16:08:50.501476,27.48,NORMAL
719,2026-09-29T16:08:51.504026,27.68,NORMAL
720,2026-09-29T16:08:52.506706,27.74,NORMAL
721,2026-09-29T16:08:53.510763,27.8,NORMAL
722,2026-09-29T16:08:54.513529,27.79,NORMAL
723,2026-09-29T16:08:55.517793,27.52,NORMAL
724,2026-09-29T16:08:56.520695,27.78,NORMAL
725,2026-09-29T16:08:57.523553,27.66,NORMAL
726,2026-09-29T16:08:58.526638,27.75,NORMAL
727,2026-09-29T16:08:59.529262,27.89,NORMAL
728,2026-09-29T16:09:00.532354,27.92,NORMAL
729,2026-09-29T16:09:01.535166,28.21,NORMAL
730,2026-09-29T16:09:02.537463,28.49,NORMAL
731,2026-09-29T16:09:03.539902,28.2,NORMAL
732,2026-09-29T16:09:04.542525,28.33,NORMAL
733,2026-09-29T16:09:05.545435,28.04,NORMAL
734,2026-09-29T16:09:06.548510,28.04,NORMAL
735,2026-09-29T16:09:07.553474,70.0,CRITICAL
736,2026-09-29T16:09:08.556243,70.0,CRITICAL
737,2026-09-29T16:09:09.559043,70.0,CRITICAL
738,2026-09-29T16:09:10.562022,70.0,CRITICAL
739,2026-09-29T16:09:11.566149,70.0,CRITICAL
740,2026-09-29T16:09:12.570861,29.0,NORMAL
741,2026-09-29T16:09:13.574219,29.07,NORMAL
742,2026-09-29T16:09:14.577574,28.94,NORMAL
743,2026-09-29T16:09:15.581064,29.01,NORMAL
744,2026-09-29T16:09:16.584594,29.25,NORMAL
745,2026-09-29T16:09:17.587703,29.14,NORMAL
746,2026-09-29T16:09:18.590471,29.11,NORMAL
747,2026-09-29T16:09:19.593657,29.39,NORMAL
748,2026-09-29T16:09:20.596690,29.22,NORMAL
749,2026-09-29T16:09:21.600219,29.4,NORMAL
750,2026-09-29T16:09:22.603387,29.51,NORMAL
751,2026-09-29T16:09:23.606252,29.54,NORMAL
752,2026-09-29T16:09:24.609036,29.68,NORMAL
753,2026-09-29T16:09:25.612022,29.54,NORMAL
754,2026-09-29T16:09:26.614911,29.33,NORMAL
755,2026-09-29T16:09:27.618363,29.24,NORMAL
756,2026-09-29T16:09:28.622515,28.95,NORMAL
757,2026-09-29T16:09:29.625232,28.8,NORMAL
758,2026-09-29T16:09:30.627782,28.65,NORMAL
759,2026-09-29T16:09:31.630441,28.62,NORMAL
760,2026-09-29T16:09:32.633375,28.7,NORMAL
761,2026-09-29T16:09:33.659546,28.92,NORMAL
762,2026-09-29T16:09:34.709741,28.9,NORMAL
763,2026-09-29T16:09:35.717523,29.13,NORMAL
764,2026-09-29T16:09:36.719046,29.26,NORMAL
765,2026-09-29T16:09:37.723359,29.27,NORMAL
766,2026-09-29T16:09:38.725020,29.16,NORMAL
767,2026-09-29T16:09:39.726808,29.43,NORMAL
768,2026-09-29T16:09:40.729486,29.42,NORMAL
769,2026-09-29T16:09:41.731356,29.59,NORMAL
770,2026-09-29T16:09:42.733685,29.55,NORMAL
771,2026-09-29T16:09:43.735331,29.37,NORMAL
772,2026-09-29T16:09:44.759493,29.53,NORMAL
773,2026-09-29T16:09:45.883728,29.59,NORMAL
774,2026-09-29T16:09:46.885704,29.35,NORMAL
775,2026-09-29T16:09:47.892588,29.4,NORMAL
776,2026-09-29T16:09:48.952382,29.54,NORMAL
777,2026-09-29T16:09:50.125115,29.38,NORMAL
778,2026-09-29T16:09:51.165344,29.58,NORMAL
779,2026-09-29T16:09:52.236430,29.35,NORMAL
780,2026-09-29T16:09:53.250229,29.38,NORMAL
781,2026-09-29T16:09:54.297503,29.2,NORMAL
782,2026-09-29T16:09:55.316420,29.23,NORMAL
783,2026-09-29T16:09:56.318139,29.25,NORMAL
784,2026-09-29T16:09:57.320162,29.1,NORMAL
785,2026-09-29T16:09:58.321947,28.84,NORMAL
786,2026-09-29T16:09:59.326055,28.66,NORMAL
787,2026-09-29T16:10:00.353608,28.68,NORMAL
788,2026-09-29T16:10:01.729917,28.41,NORMAL
789,2026-09-29T16:10:02.732388,28.51,NORMAL
790,2026-09-29T16:10:03.754542,28.35,NORMAL
791,2026-09-29T16:10:04.870448,28.38,NORMAL
792,2026-09-29T16:10:05.878043,28.1,NORMAL
793,2026-09-29T16:10:07.039584,28.17,NORMAL
794,2026-09-29T16:10:08.188051,27.92,NORMAL
795,2026-09-29T16:10:09.189928,28.08,NORMAL
796,2026-09-29T16:10:10.191946,27.79,NORMAL
797,2026-09-29T16:10:11.197198,27.8,NORMAL
798,2026-09-29T16:10:12.206175,28.05,NORMAL
799,2026-09-29T16:10:13.281013,27.79,NORMAL
800,2026-09-29T16:10:14.323110,27.88,NORMAL
801,2026-09-29T16:10:15.351598,27.72,NORMAL
802,2026-09-29T16:10:16.365798,27.82,NORMAL
803,2026-09-29T16:10:17.367738,28.04,NORMAL
804,2026-09-29T16:10:18.369227,28.28,NORMAL
805,2026-09-29T16:10:19.370696,28.11,NORMAL
806,2026-09-29T16:10:20.376085,28.23,NORMAL
807,2026-09-29T16:10:21.380716,28.48,NORMAL
808,2026-09-29T16:10:22.383034,28.35,NORMAL
809,2026-09-29T16:10:23.385861,28.32,NORMAL
810,2026-09-29T16:10:24.387403,28.54,NORMAL
811,2026-09-29T16:10:25.398215,28.65,NORMAL
812,2026-09-29T16:10:26.423224,28.54,NORMAL
813,2026-09-29T16:10:27.424689,28.62,NORMAL
814,2026-09-29T16:10:28.426330,28.81,NORMAL
815,2026-09-29T16:10:29.428034,28.85,NORMAL
816,2026-09-29T16:10:30.430130,29.04,NORMAL
817,2026-09-29T16:10:31.433029,29.01,NORMAL
818,2026-09-29T16:10:32.444112,29.12,NORMAL
819,2026-09-29T16:10:33.447596,29.31,NORMAL
820,2026-09-29T16:10:34.449347,29.17,NORMAL
821,2026-09-29T16:10:35.451213,28.97,NORMAL
822,2026-09-29T16:10:36.453812,28.72,NORMAL
823,2026-09-29T16:10:37.455631,28.74,NORMAL
824,2026-09-29T16:10:38.456934,29.04,NORMAL
825,2026-09-29T16:10:39.462480,29.1,NORMAL
826,2026-09-29T16:10:40.465465,29.36,NORMAL
827,2026-09-29T16:10:41.466609,29.35,NORMAL
828,2026-09-29T16:10:42.467890,29.39,NORMAL
829,2026-09-29T16:10:43.469631,29.49,NORMAL
830,2026-09-29T16:10:44.472363,29.23,NORMAL
831,2026-09-29T16:10:45.474352,28.96,NORMAL
832,2026-09-29T16:10:46.476388,28.83,NORMAL
833,2026-09-29T16:10:47.478991,28.94,NORMAL
834,2026-09-29T16:10:48.482476,29.07,NORMAL
835,2026-09-29T16:10:49.483934,29.36,NORMAL
836,2026-09-29T16:10:50.485602,29.64,NORMAL
837,2026-09-29T16:10:51.503463,29.83,NORMAL
838,2026-09-29T16:10:52.513819,29.92,NORMAL
839,2026-09-29T16:10:53.515821,30.12,NORMAL
840,2026-09-29T16:10:54.517509,30.4,NORMAL
841,2026-09-29T16:10:55.519599,30.6,NORMAL
842,2026-09-29T16:10:56.521037,30.54,NORMAL
843,2026-09-29T16:10:57.528497,30.38,NORMAL
844,2026-09-29T16:10:58.562168,30.31,NORMAL
845,2026-09-29T16:10:59.563423,30.53,NORMAL
846,2026-09-29T16:11:00.564883,30.39,NORMAL
847,2026-09-29T16:11:01.566973,30.55,NORMAL
848,2026-09-29T16:11:02.568369,30.75,NORMAL
849,2026-09-29T16:11:03.571640,30.49,NORMAL
850,2026-09-29T16:11:04.583059,30.66,NORMAL
851,2026-09-29T16:11:05.584757,30.57,NORMAL
852,2026-09-29T16:11:06.586684,30.7,NORMAL
853,2026-09-29T16:11:07.588357,30.73,NORMAL
854,2026-09-29T16:11:08.589745,30.67,NORMAL
855,2026-09-29T16:11:09.593543,30.54,NORMAL
856,2026-09-29T16:11:10.599171,30.56,NORMAL
857,2026-09-29T16:11:11.603478,30.55,NORMAL
858,2026-09-29T16:11:12.605288,30.47,NORMAL
859,2026-09-29T16:11:13.607201,30.72,NORMAL
860,2026-09-29T16:11:14.610607,30.62,NORMAL
861,2026-09-29T16:11:53.942957,30.54,NORMAL
862,2026-09-29T16:11:55.659266,30.77,NORMAL
863,2026-09-29T16:11:56.946941,30.78,NORMAL
864,2026-09-29T16:11:58.030235,30.9,NORMAL
865,2026-09-29T16:11:59.158486,31.0,NORMAL
866,2026-09-29T16:12:00.159944,31.23,NORMAL
867,2026-09-29T16:12:01.162074,31.27,NORMAL
868,2026-09-29T16:12:02.164174,31.01,NORMAL
869,2026-09-29T16:12:03.205813,31.23,NORMAL
870,2026-09-29T16:12:04.258816,30.95,NORMAL
871,2026-09-29T16:12:05.478099,30.97,NORMAL
872,2026-09-29T16:12:06.480369,31.09,NORMAL
873,2026-09-29T16:12:07.481911,31.01,NORMAL
874,2026-09-29T16:12:08.484081,31.17,NORMAL
875,2026-09-29T16:12:09.486661,31.06,NORMAL
876,2026-09-29T16:12:10.488200,31.23,NORMAL
877,2026-09-29T16:12:11.490004,31.04,NORMAL
878,2026-09-29T16:12:12.491785,30.8,NORMAL
879,2026-09-29T16:12:13.494613,31.09,NORMAL
880,2026-09-29T16:12:14.496092,31.1,NORMAL
881,2026-09-29T16:12:15.498041,30.83,NORMAL
882,2026-09-29T16:12:16.500086,31.02,NORMAL
883,2026-09-29T16:12:17.502420,31.11,NORMAL
884,2026-09-29T16:12:18.504260,31.24,NORMAL
885,2026-09-29T16:12:19.506700,31.27,NORMAL
886,2026-09-29T16:12:20.508828,31.08,NORMAL
887,2026-09-29T16:12:21.513695,31.15,NORMAL
888,2026-09-29T16:12:22.526170,30.9,NORMAL
889,2026-09-29T16:12:23.528032,31.14,NORMAL
890,2026-09-29T16:12:24.530827,31.4,NORMAL
891,2026-09-29T16:12:25.536181,31.26,NORMAL
892,2026-09-29T16:12:26.546640,31.01,NORMAL
893,2026-09-29T16:12:27.548943,30.9,NORMAL
894,2026-09-29T16:12:28.553733,31.14,NORMAL
895,2026-09-29T16:12:29.556059,31.16,NORMAL
896,2026-09-29T16:12:30.557700,31.2,NORMAL
897,2026-09-29T16:12:31.559870,31.49,NORMAL
898,2026-09-29T16:12:32.562141,31.67,NORMAL
899,2026-09-29T16:12:33.563707,31.94,NORMAL
900,2026-09-29T16:12:34.566388,32.23,NORMAL
901,2026-09-29T16:12:35.569805,32.23,NORMAL
902,2026-09-29T16:12:36.571464,32.06,NORMAL
903,2026-09-29T16:12:37.573442,31.76,NORMAL
904,2026-09-29T16:12:38.575411,32.01,NORMAL
905,2026-09-29T16:12:39.577372,31.72,NORMAL
906,2026-09-29T16:12:40.581064,31.8,NORMAL
907,2026-09-29T16:12:41.582518,31.64,NORMAL
908,2026-09-29T16:12:42.587548,31.72,NORMAL
909,2026-09-29T16:12:43.603826,31.96,NORMAL
910,2026-09-29T16:12:44.606203,31.9,NORMAL
911,2026-09-29T16:12:45.607864,31.88,NORMAL
912,2026-09-29T16:12:46.610920,32.18,NORMAL
913,2026-09-29T16:12:47.612942,32.31,NORMAL
914,2026-09-29T16:12:48.621956,32.45,NORMAL
915,2026-09-29T16:12:49.628112,32.3,NORMAL
916,2026-09-29T16:12:50.630112,32.08,NORMAL
917,2026-09-29T16:12:51.633748,32.2,NORMAL
918,2026-09-29T16:12:52.637016,32.12,NORMAL
919,2026-09-29T16:12:53.639798,32.03,NORMAL
920,2026-09-29T16:12:54.642019,32.17,NORMAL
921,2026-09-29T16:12:55.644241,32.08,NORMAL
922,2026-09-29T16:12:56.646248,32.23,NORMAL
923,2026-09-29T16:12:57.648458,32.15,NORMAL
924,2026-09-29T16:12:58.650826,32.34,NORMAL
925,2026-09-29T16:12:59.653381,32.15,NORMAL
926,2026-09-29T16:13:00.655012,32.34,NORMAL
927,2026-09-29T16:13:01.656738,32.6,NORMAL
928,2026-09-29T16:13:02.658927,32.34,NORMAL
929,2026-09-29T16:13:03.661291,32.43,NORMAL
930,2026-09-29T16:13:04.663929,32.32,NORMAL
931,2026-09-29T16:13:05.672082,32.14,NORMAL
932,2026-09-29T16:13:06.676418,32.33,NORMAL
933,2026-09-29T16:13:07.678886,32.62,NORMAL
934,2026-09-29T16:13:08.682210,32.46,NORMAL
935,2026-09-29T16:13:09.690794,32.51,NORMAL
936,2026-09-29T16:13:10.692386,32.45,NORMAL
937,2026-09-29T16:13:11.694060,32.34,NORMAL
938,2026-09-29T16:13:12.697474,32.48,NORMAL
939,2026-09-29T16:13:13.698670,32.53,NORMAL
940,2026-09-29T16:13:14.699853,32.63,NORMAL
941,2026-09-29T16:13:15.701311,32.36,NORMAL
942,2026-09-29T16:13:16.702621,32.57,NORMAL
943,2026-09-29T16:13:17.703791,32.43,NORMAL
944,2026-09-29T16:13:18.704690,32.68,NORMAL
945,2026-09-29T16:13:19.705787,32.63,NORMAL
946,2026-09-29T16:13:20.707754,32.56,NORMAL
947,2026-09-29T16:13:21.720815,32.63,NORMAL
948,2026-09-29T16:13:22.721829,32.86,NORMAL
949,2026-09-29T16:13:23.725047,32.71,NORMAL
950,2026-09-29T16:13:24.726079,32.79,NORMAL
951,2026-09-29T16:13:25.727274,32.61,NORMAL
952,2026-09-29T16:13:26.728292,32.64,NORMAL
953,2026-09-29T16:13:27.728991,32.74,NORMAL
954,2026-09-29T16:13:28.730048,32.6,NORMAL
955,2026-09-29T16:13:29.730820,32.78,NORMAL
956,2026-09-29T16:13:30.731746,32.97,NORMAL
957,2026-09-29T16:13:31.732649,32.74,NORMAL
958,2026-09-29T16:13:32.733847,32.59,NORMAL
959,2026-09-29T16:13:33.735007,32.61,NORMAL
960,2026-09-29T16:13:34.737739,32.31,NORMAL
961,2026-09-29T16:13:35.738638,32.11,NORMAL
962,2026-09-29T16:13:36.740054,31.81,NORMAL
963,2026-09-29T16:13:37.741523,32.08,NORMAL
964,2026-09-29T16:13:38.744088,32.28,NORMAL
965,2026-09-29T16:13:39.748823,32.41,NORMAL
966,2026-09-29T16:13:40.752087,32.67,NORMAL
967,2026-09-29T16:13:41.756568,32.83,NORMAL
968,2026-09-29T16:13:42.760078,32.63,NORMAL
969,2026-09-29T16:13:43.764130,32.6,NORMAL
970,2026-09-29T16:13:44.766068,32.61,NORMAL
971,2026-09-29T16:13:45.767264,32.41,NORMAL
972,2026-09-29T16:13:46.769177,32.47,NORMAL
973,2026-09-29T16:13:47.771631,32.4,NORMAL
974,2026-09-29T16:13:48.774034,32.67,NORMAL
975,2026-09-29T16:13:49.775945,32.73,NORMAL
976,2026-09-29T16:13:50.780197,32.54,NORMAL
977,2026-09-29T16:13:51.781926,32.72,NORMAL
978,2026-09-29T16:13:52.784391,32.57,NORMAL
979,2026-09-29T16:13:53.785763,32.56,NORMAL
980,2026-09-29T16:13:54.787413,32.8,NORMAL
981,2026-09-29T16:13:55.790230,32.51,NORMAL
982,2026-09-29T16:13:56.793464,32.59,NORMAL
983,2026-09-29T16:13:57.808059,32.71,NORMAL
984,2026-09-29T16:13:58.830143,32.53,NORMAL
985,2026-09-29T16:13:59.857071,32.23,NORMAL
986,2026-09-29T16:14:00.865069,32.06,NORMAL
987,2026-09-29T16:14:01.867191,32.29,NORMAL
988,2026-09-29T16:14:02.868363,32.39,NORMAL
989,2026-09-29T16:14:03.872928,32.19,NORMAL
990,2026-09-29T16:14:04.876753,32.18,NORMAL
991,2026-09-29T16:14:05.880325,31.9,NORMAL
992,2026-09-29T16:14:06.881975,31.68,NORMAL
993,2026-09-29T16:14:07.884015,31.61,NORMAL
994,2026-09-29T16:14:08.887755,31.46,NORMAL
995,2026-09-29T16:14:09.891521,31.32,NORMAL
996,2026-09-29T16:14:10.895288,31.31,NORMAL
997,2026-09-29T16:14:11.900221,31.08,NORMAL
998,2026-09-29T16:14:12.903942,30.88,NORMAL
999,2026-09-29T16:14:13.907527,30.85,NORMAL
1000,2026-09-29T16:14:14.910175,30.68,NORMAL
1001,2026-09-29T16:14:15.913334,30.57,NORMAL
1002,2026-09-29T16:14:16.915814,30.46,NORMAL
1003,2026-09-29T16:14:17.917116,30.39,NORMAL
1004,2026-09-29T16:14:18.919093,30.5,NORMAL
1005,2026-09-29T16:14:19.920637,30.45,NORMAL
1006,2026-09-29T16:14:20.922757,30.16,NORMAL
1007,2026-09-29T16:14:21.924810,29.86,NORMAL
1008,2026-09-29T16:14:22.927444,29.83,NORMAL
1009,2026-09-29T16:14:23.928795,29.6,NORMAL
1010,2026-09-29T16:14:24.931356,29.36,NORMAL
1011,2026-09-29T16:14:25.934171,29.12,NORMAL
1012,2026-09-29T16:14:26.936014,29.18,NORMAL
1013,2026-09-29T16:14:27.937822,29.42,NORMAL
1014,2026-09-29T16:14:28.938964,29.23,NORMAL
1015,2026-09-29T16:14:29.940053,29.45,NORMAL
1016,2026-09-29T16:14:30.945645,29.15,NORMAL
1017,2026-09-29T16:14:31.947017,29.09,NORMAL
1018,2026-09-29T16:14:32.948786,29.21,NORMAL
1019,2026-09-29T16:14:33.950104,29.34,NORMAL
1020,2026-09-29T16:14:34.951988,29.32,NORMAL
1021,2026-09-29T16:14:35.954182,29.47,NORMAL
1022,2026-09-29T16:14:36.955812,29.44,NORMAL
1023,2026-09-29T16:14:37.958121,70.0,CRITICAL
1024,2026-09-29T16:14:38.959388,70.0,CRITICAL
1025,2026-09-29T16:14:39.961650,70.0,CRITICAL
1026,2026-09-29T16:14:40.962508,70.0,CRITICAL
1027,2026-09-29T16:14:41.964224,70.0,CRITICAL
1028,2026-09-29T16:14:42.966760,28.96,NORMAL
1029,2026-09-29T16:14:43.968685,28.91,NORMAL
1030,2026-09-29T16:14:44.970954,28.82,NORMAL
1031,2026-09-29T16:14:45.972960,28.63,NORMAL
1032,2026-09-29T16:14:46.975938,28.52,NORMAL
1033,2026-09-29T16:14:47.978198,28.35,NORMAL
1034,2026-09-29T16:14:48.980353,28.43,NORMAL
1035,2026-09-29T16:14:49.982071,28.63,NORMAL
1036,2026-09-29T16:14:50.984360,28.63,NORMAL
1037,2026-09-29T16:14:51.985568,28.86,NORMAL
1038,2026-09-29T16:14:52.986980,28.76,NORMAL
1039,2026-09-29T16:14:53.989568,28.87,NORMAL
1040,2026-09-29T16:14:54.992046,28.66,NORMAL
1041,2026-09-29T16:14:55.993594,28.95,NORMAL
1042,2026-09-29T16:14:56.995478,28.73,NORMAL
1043,2026-09-29T16:14:57.997469,28.75,NORMAL
1044,2026-09-29T16:14:59.000296,28.79,NORMAL
1045,2026-09-29T16:15:00.002991,28.8,NORMAL
1046,2026-09-29T16:15:01.004773,28.78,NORMAL
1047,2026-09-29T16:15:02.006740,29.01,NORMAL
1048,2026-09-29T16:15:03.012580,28.87,NORMAL
1049,2026-09-29T16:15:04.014570,28.57,NORMAL
1050,2026-09-29T16:15:05.016324,28.3,NORMAL
1051,2026-09-29T16:15:06.018400,28.37,NORMAL
1052,2026-09-29T16:15:07.020505,28.38,NORMAL
1053,2026-09-29T16:15:08.022866,28.43,NORMAL
1054,2026-09-29T16:15:09.025625,28.33,NORMAL
1055,2026-09-29T16:15:10.027123,28.25,NORMAL
1056,2026-09-29T16:15:11.029226,28.21,NORMAL
1057,2026-09-29T16:15:12.030347,28.17,NORMAL
1058,2026-09-29T16:15:13.031756,28.15,NORMAL
1059,2026-09-29T16:15:14.034266,28.36,NORMAL
1060,2026-09-29T16:15:15.035695,28.07,NORMAL
1061,2026-09-29T16:15:16.037135,27.88,NORMAL
1062,2026-09-29T16:15:17.039799,28.15,NORMAL
1063,2026-09-29T16:15:18.045839,28.13,NORMAL
1064,2026-09-29T16:15:19.048184,27.87,NORMAL
1065,2026-09-29T16:15:20.049948,27.65,NORMAL
1066,2026-09-29T16:15:21.053436,27.75,NORMAL
1067,2026-09-29T16:15:22.055374,27.73,NORMAL
1068,2026-09-29T16:15:23.058639,27.87,NORMAL
1069,2026-09-29T16:15:24.060860,28.06,NORMAL
1070,2026-09-29T16:15:25.062545,28.01,NORMAL
1071,2026-09-29T16:15:26.064878,28.08,NORMAL
1072,2026-09-29T16:15:27.066991,27.96,NORMAL
1073,2026-09-29T16:15:28.068893,28.23,NORMAL
1074,2026-09-29T16:15:29.070269,28.38,NORMAL
1075,2026-09-29T16:15:30.071743,28.32,NORMAL
1076,2026-09-29T16:15:31.073110,28.18,NORMAL
1077,2026-09-29T16:15:32.075068,28.31,NORMAL
1078,2026-09-29T16:15:33.077388,28.35,NORMAL
1079,2026-09-29T16:15:34.080105,28.26,NORMAL
1080,2026-09-29T16:15:35.081732,28.16,NORMAL
1081,2026-09-29T16:15:36.083411,28.11,NORMAL
1082,2026-09-29T16:15:37.085968,28.2,NORMAL
1083,2026-09-29T16:15:38.087599,28.26,NORMAL
1084,2026-09-29T16:15:39.089139,28.12,NORMAL
1085,2026-09-29T16:15:40.091185,27.86,NORMAL
1086,2026-09-29T16:15:41.093268,27.93,NORMAL
1087,2026-09-29T16:15:42.094856,28.11,NORMAL
1088,2026-09-29T16:15:43.096690,28.18,NORMAL
1089,2026-09-29T16:15:44.098627,28.1,NORMAL
1090,2026-09-29T16:15:45.100486,27.93,NORMAL
1091,2026-09-29T16:15:46.101788,28.08,NORMAL
1092,2026-09-29T16:15:47.103914,27.98,NORMAL
1093,2026-09-29T16:15:48.106358,28.22,NORMAL
1094,2026-09-29T16:15:49.108029,28.11,NORMAL
1095,2026-09-29T16:15:50.110636,27.9,NORMAL
1096,2026-09-29T16:15:51.111709,27.91,NORMAL
1097,2026-09-29T16:15:52.114588,28.03,NORMAL
1098,2026-09-29T16:15:53.116695,27.83,NORMAL
1099,2026-09-29T16:15:54.118371,27.93,NORMAL
1100,2026-09-29T16:15:55.120012,27.98,NORMAL
1101,2026-09-29T16:15:56.121375,28.23,NORMAL
1102,2026-09-29T16:15:57.124430,28.39,NORMAL
1103,2026-09-29T16:15:58.128778,28.38,NORMAL
1104,2026-09-29T16:15:59.131049,28.53,NORMAL
1105,2026-09-29T16:16:00.132861,28.59,NORMAL
1106,2026-09-29T16:16:01.134349,28.52,NORMAL
1107,2026-09-29T16:16:02.137577,28.7,NORMAL
1108,2026-09-29T16:16:03.139972,28.79,NORMAL
1109,2026-09-29T16:16:04.145623,28.94,NORMAL
1110,2026-09-29T16:16:05.148327,29.01,NORMAL
1111,2026-09-29T16:16:06.150096,28.82,NORMAL
1112,2026-09-29T16:16:07.152440,28.54,NORMAL
1113,2026-09-29T16:16:08.153974,28.29,NORMAL
1114,2026-09-29T16:16:09.156104,28.51,NORMAL
1115,2026-09-29T16:16:10.158116,28.58,NORMAL
1116,2026-09-29T16:16:11.160929,28.33,NORMAL
1117,2026-09-29T16:16:12.162663,28.24,NORMAL
1118,2026-09-29T16:16:13.164217,28.44,NORMAL
1119,2026-09-29T16:16:14.166051,28.65,NORMAL
1120,2026-09-29T16:16:15.168079,28.47,NORMAL
1121,2026-09-29T16:16:16.169231,28.69,NORMAL
1122,2026-09-29T16:16:17.170865,28.79,NORMAL
1123,2026-09-29T16:16:18.172545,28.62,NORMAL
1124,2026-09-29T16:16:19.174385,28.49,NORMAL
1125,2026-09-29T16:16:20.177816,28.61,NORMAL
1126,2026-09-29T16:16:21.179512,28.49,NORMAL
1127,2026-09-29T16:16:22.180965,28.24,NORMAL
1128,2026-09-29T16:16:23.182680,28.28,NORMAL
1129,2026-09-29T16:16:24.184002,28.44,NORMAL
1130,2026-09-29T16:16:25.185144,28.2,NORMAL
1131,2026-09-29T16:16:26.186551,27.91,NORMAL
1132,2026-09-29T16:16:27.188129,27.77,NORMAL
1133,2026-09-29T16:16:28.189516,27.81,NORMAL
1134,2026-09-29T16:16:29.192710,27.85,NORMAL
1135,2026-09-29T16:16:30.194757,27.85,NORMAL
1136,2026-09-29T16:16:31.195878,27.99,NORMAL
1137,2026-09-29T16:16:32.196730,28.11,NORMAL
1138,2026-09-29T16:16:33.198020,28.33,NORMAL
1139,2026-09-29T16:16:34.202213,28.13,NORMAL
1140,2026-09-29T16:16:35.204952,27.87,NORMAL
1141,2026-09-29T16:16:36.209757,27.73,NORMAL
1142,2026-09-29T16:16:37.210905,27.58,NORMAL
1143,2026-09-29T16:16:38.213831,27.54,NORMAL
1144,2026-09-29T16:16:39.216067,27.34,NORMAL
1145,2026-09-29T16:16:40.218322,27.28,NORMAL
1146,2026-09-29T16:16:41.220007,27.52,NORMAL
1147,2026-09-29T16:16:42.221278,27.51,NORMAL
1148,2026-09-29T16:16:43.222446,27.26,NORMAL
1149,2026-09-29T16:16:44.225111,27.07,NORMAL
1150,2026-09-29T16:16:45.227316,27.24,NORMAL
1151,2026-09-29T16:16:46.228943,27.2,NORMAL
1152,2026-09-29T16:16:47.230563,27.37,NORMAL
1153,2026-09-29T16:16:48.232859,27.23,NORMAL
1154,2026-09-29T16:16:49.234483,27.01,NORMAL
1155,2026-09-29T16:16:50.236381,27.29,NORMAL
1156,2026-09-29T16:16:51.238174,27.14,NORMAL
1157,2026-09-29T16:16:52.240583,26.92,NORMAL
1158,2026-09-29T16:16:53.244305,27.14,NORMAL
1159,2026-09-29T16:16:54.246997,27.04,NORMAL
1160,2026-09-29T16:16:55.248873,26.99,NORMAL
1161,2026-09-29T16:16:56.251666,26.85,NORMAL
1162,2026-09-29T16:16:57.253724,26.63,NORMAL
1163,2026-09-29T16:16:58.256319,26.79,NORMAL
1164,2026-09-29T16:16:59.259283,26.63,NORMAL
1165,2026-09-29T16:17:00.261387,26.37,NORMAL
1166,2026-09-29T16:17:01.264149,26.09,NORMAL
1167,2026-09-29T16:17:02.267232,26.34,NORMAL
1168,2026-09-29T16:17:03.270098,26.47,NORMAL
1169,2026-09-29T16:17:04.273441,26.75,NORMAL
1170,2026-09-29T16:17:05.275440,26.98,NORMAL
1171,2026-09-29T16:17:06.277895,27.27,NORMAL
1172,2026-09-29T16:17:07.280963,27.06,NORMAL
1173,2026-09-29T16:17:08.282880,27.2,NORMAL
1174,2026-09-29T16:17:09.285242,27.48,NORMAL
1175,2026-09-29T16:17:10.288607,27.29,NORMAL
1176,2026-09-29T16:17:11.291854,27.18,NORMAL
1177,2026-09-29T16:17:12.294936,27.28,NORMAL
1178,2026-09-29T16:17:13.298464,27.38,NORMAL
1179,2026-09-29T16:17:14.302064,27.49,NORMAL
1180,2026-09-30T09:18:38.265306,24.3,NORMAL
1181,2026-09-30T09:18:39.267213,24.27,NORMAL
1182,2026-09-30T09:18:40.268786,24.36,NORMAL
1183,2026-09-30T09:18:41.270096,24.08,NORMAL
1184,2026-09-30T09:18:42.272555,24.14,NORMAL
1185,2026-09-30T09:18:43.274991,24.27,NORMAL
1186,2026-09-30T09:18:44.277006,24.11,NORMAL
1187,2026-09-30T09:18:45.279705,23.92,NORMAL
1188,2026-09-30T09:18:46.281262,23.77,NORMAL
1189,2026-09-30T09:18:47.282896,24.02,NORMAL
1190,2026-09-30T09:18:48.284736,23.87,NORMAL
1191,2026-09-30T09:18:49.287702,23.89,NORMAL
1192,2026-09-30T09:18:50.289431,24.14,NORMAL
1193,2026-09-30T09:18:51.291580,23.89,NORMAL
1194,2026-09-30T09:18:52.293464,23.67,NORMAL
1195,2026-09-30T09:18:53.295134,23.74,NORMAL
1196,2026-09-30T09:18:54.298196,23.64,NORMAL
1197,2026-09-30T09:18:55.299764,23.92,NORMAL
1198,2026-09-30T09:18:56.301099,23.94,NORMAL
1199,2026-09-30T09:18:57.303388,23.83,NORMAL
1200,2026-09-30T09:18:58.305758,24.01,NORMAL
1201,2026-09-30T09:18:59.307538,23.76,NORMAL
1202,2026-09-30T09:19:00.308708,23.53,NORMAL
1203,2026-09-30T09:19:01.310295,23.64,NORMAL
1204,2026-09-30T09:19:02.312895,23.86,NORMAL
1205,2026-09-30T09:19:03.313824,23.6,NORMAL
1206,2026-09-30T09:19:04.315686,23.65,NORMAL
1207,2026-09-30T09:19:05.317063,23.82,NORMAL
1208,2026-09-30T09:19:06.317950,23.72,NORMAL
1209,2026-09-30T09:19:07.320276,23.84,NORMAL
1210,2026-09-30T09:19:08.321774,23.82,NORMAL
1211,2026-09-30T09:19:09.323122,23.83,NORMAL
1212,2026-09-30T09:19:10.325006,23.7,NORMAL
1213,2026-09-30T09:33:39.331685,24.85,NORMAL
1214,2026-09-30T09:33:40.333241,24.64,NORMAL
1215,2026-09-30T09:33:41.334128,24.58,NORMAL
1216,2026-09-30T09:33:42.335169,24.78,NORMAL
1217,2026-09-30T09:33:43.337164,24.71,NORMAL
1218,2026-09-30T09:33:44.340033,24.9,NORMAL
1219,2026-09-30T09:33:45.341829,24.69,NORMAL
1220,2026-09-30T09:33:46.344141,24.65,NORMAL
1221,2026-09-30T09:33:47.346866,24.36,NORMAL
1222,2026-09-30T09:33:48.348642,24.41,NORMAL
1223,2026-09-30T09:33:49.350393,24.49,NORMAL
1224,2026-09-30T09:33:50.353416,24.4,NORMAL
1225,2026-09-30T09:33:51.355713,24.3,NORMAL
1226,2026-09-30T09:33:52.359397,24.06,NORMAL
1227,2026-09-30T09:33:53.361756,24.13,NORMAL
1228,2026-09-30T09:33:54.364902,24.1,NORMAL
1229,2026-09-30T09:33:55.366895,24.17,NORMAL
1230,2026-09-30T09:33:56.368913,24.08,NORMAL
1231,2026-09-30T09:33:57.369829,24.17,NORMAL
1232,2026-09-30T09:33:58.371253,24.24,NORMAL
1233,2026-09-30T09:33:59.372821,24.4,NORMAL
1234,2026-09-30T09:34:00.374309,24.14,NORMAL
1235,2026-09-30T09:34:01.376532,24.41,NORMAL
1236,2026-09-30T09:34:02.378463,24.46,NORMAL
1237,2026-09-30T09:34:03.380306,24.3,NORMAL
1238,2026-09-30T09:34:04.385815,24.17,NORMAL
1239,2026-09-30T09:34:05.387805,24.27,NORMAL
1240,2026-09-30T09:34:06.391400,24.3,NORMAL
1241,2026-09-30T09:34:07.394397,24.38,NORMAL
1242,2026-09-30T09:34:08.399736,24.42,NORMAL
1243,2026-09-30T09:34:09.401754,24.33,NORMAL
1244,2026-09-30T09:34:10.406129,24.53,NORMAL
1245,2026-09-30T09:48:38.273824,24.7,NORMAL
1246,2026-09-30T09:48:39.276191,24.65,NORMAL
1247,2026-09-30T09:48:40.277963,24.78,NORMAL
1248,2026-09-30T09:48:41.283817,24.54,NORMAL
1249,2026-09-30T09:48:42.285985,24.74,NORMAL
1250,2026-09-30T09:48:43.289473,24.63,NORMAL
1251,2026-09-30T09:48:44.291331,24.91,NORMAL
1252,2026-09-30T09:48:45.293636,25.2,NORMAL
1253,2026-09-30T09:48:46.296037,25.13,NORMAL
1254,2026-09-30T09:48:47.299153,24.98,NORMAL
1255,2026-09-30T09:48:48.300859,25.2,NORMAL
1256,2026-09-30T09:48:49.302189,25.32,NORMAL
1257,2026-09-30T09:48:50.305041,25.59,NORMAL
1258,2026-09-30T09:48:51.307388,25.66,NORMAL
1259,2026-09-30T09:48:52.310747,25.7,NORMAL
1260,2026-09-30T09:48:53.315467,25.72,NORMAL
1261,2026-09-30T09:48:54.318539,25.47,NORMAL
1262,2026-09-30T09:48:55.321980,25.38,NORMAL
1263,2026-09-30T09:48:56.323625,25.13,NORMAL
1264,2026-09-30T09:48:57.325495,25.06,NORMAL
1265,2026-09-30T09:48:58.328206,25.28,NORMAL
1266,2026-09-30T09:48:59.330473,25.31,NORMAL
1267,2026-09-30T09:49:00.331837,25.52,NORMAL
1268,2026-09-30T09:49:01.333937,25.64,NORMAL
1269,2026-09-30T09:49:02.335630,25.66,NORMAL
1270,2026-09-30T09:49:03.337341,25.75,NORMAL
1271,2026-09-30T09:49:04.339238,25.51,NORMAL
1272,2026-09-30T09:49:05.341850,25.41,NORMAL
1273,2026-09-30T09:49:06.345083,25.52,NORMAL
1274,2026-09-30T09:49:07.348488,25.27,NORMAL
1275,2026-09-30T09:49:08.349785,25.24,NORMAL
1276,2026-09-30T09:49:09.351822,25.15,NORMAL
1277,2026-09-30T09:49:10.353607,24.88,NORMAL
1278,2026-09-30T09:49:11.354993,24.9,NORMAL
1279,2026-09-30T09:49:12.357188,25.11,NORMAL
1280,2026-09-30T09:49:13.358668,25.05,NORMAL
1281,2026-09-30T09:49:14.359990,25.25,NORMAL
1282,2026-09-30T09:49:15.361932,25.48,NORMAL
1283,2026-09-30T09:49:16.363833,25.22,NORMAL
1284,2026-09-30T09:49:17.365832,25.39,NORMAL
1285,2026-09-30T09:49:18.368339,25.42,NORMAL
1286,2026-09-30T09:49:19.369814,25.15,NORMAL
1287,2026-09-30T09:49:20.371724,25.04,NORMAL
1288,2026-09-30T09:49:21.374084,25.23,NORMAL
1289,2026-09-30T09:49:22.375241,25.39,NORMAL
1290,2026-09-30T09:49:23.377923,25.43,NORMAL
1291,2026-09-30T09:49:24.380974,25.43,NORMAL
1292,2026-09-30T09:49:25.383107,25.38,NORMAL
1293,2026-09-30T09:49:26.385208,25.62,NORMAL
1294,2026-09-30T09:49:27.387320,25.51,NORMAL
1295,2026-09-30T09:49:28.388786,25.53,NORMAL
1296,2026-09-30T09:49:29.390223,25.32,NORMAL
1297,2026-09-30T09:49:30.393238,25.37,NORMAL
1298,2026-09-30T09:49:31.394582,25.61,NORMAL
1299,2026-09-30T09:49:32.396283,25.68,NORMAL
1300,2026-09-30T09:49:33.397774,25.59,NORMAL
1301,2026-09-30T09:49:34.399208,25.29,NORMAL
1302,2026-09-30T09:49:35.401029,25.42,NORMAL
1303,2026-09-30T09:49:36.402965,25.68,NORMAL
1304,2026-09-30T09:49:37.404890,25.73,NORMAL
1305,2026-09-30T09:49:38.407994,25.68,NORMAL
1306,2026-09-30T09:49:39.410908,25.5,NORMAL
1307,2026-09-30T09:49:40.413124,25.5,NORMAL
1308,2026-09-30T09:49:41.417512,70.0,CRITICAL
1309,2026-09-30T09:49:42.420733,70.0,CRITICAL
1310,2026-09-30T09:49:43.422691,70.0,CRITICAL
1311,2026-09-30T09:49:44.423676,70.0,CRITICAL
1312,2026-09-30T09:49:45.425453,70.0,CRITICAL
1313,2026-09-30T09:49:46.428450,26.16,NORMAL
1314,2026-09-30T09:49:47.429964,26.42,NORMAL
1315,2026-09-30T09:49:48.431653,26.65,NORMAL
1316,2026-09-30T09:49:49.435351,26.5,NORMAL
1317,2026-09-30T09:49:50.436713,26.62,NORMAL
1318,2026-09-30T09:49:51.438588,26.75,NORMAL
1319,2026-09-30T09:49:52.441774,26.55,NORMAL
1320,2026-09-30T09:49:53.443893,26.69,NORMAL
1321,2026-09-30T09:49:54.446034,26.53,NORMAL
1322,2026-09-30T09:49:55.448084,26.61,NORMAL
1323,2026-09-30T09:49:56.451198,26.43,NORMAL
1324,2026-09-30T09:49:57.453167,26.68,NORMAL
1325,2026-09-30T09:49:58.455395,26.58,NORMAL
1326,2026-09-30T09:49:59.458364,26.5,NORMAL
1327,2026-09-30T09:50:00.461080,26.31,NORMAL
1328,2026-09-30T09:50:01.463920,26.24,NORMAL
1329,2026-09-30T09:50:02.468499,26.23,NORMAL
1330,2026-09-30T09:50:03.470090,25.97,NORMAL
1331,2026-09-30T09:50:04.472034,26.0,NORMAL
1332,2026-09-30T09:50:05.473554,26.04,NORMAL
1333,2026-09-30T09:50:06.475347,25.77,NORMAL
1334,2026-09-30T09:50:07.476955,25.7,NORMAL
1335,2026-09-30T09:50:08.478650,25.46,NORMAL
1336,2026-09-30T09:50:09.480087,25.63,NORMAL
1337,2026-09-30T09:50:10.482069,25.86,NORMAL
1338,2026-09-30T09:50:11.483802,25.61,NORMAL
1339,2026-09-30T09:50:12.486120,25.7,NORMAL
1340,2026-09-30T09:50:13.488417,25.66,NORMAL
1341,2026-09-30T09:50:14.490614,25.73,NORMAL
1342,2026-09-30T09:50:15.492023,25.49,NORMAL
1343,2026-09-30T09:50:16.493613,25.77,NORMAL
1344,2026-09-30T09:50:17.495166,25.55,NORMAL
1345,2026-09-30T09:50:18.498630,25.35,NORMAL
1346,2026-09-30T09:50:19.502819,,SENSOR_FAILURE
1347,2026-09-30T09:50:20.504189,,SENSOR_FAILURE
1348,2026-09-30T09:50:21.506661,,SENSOR_FAILURE
1349,2026-09-30T09:50:22.507876,,SENSOR_FAILURE
1350,2026-09-30T09:50:23.510057,,SENSOR_FAILURE
1351,2026-09-30T09:50:24.512974,25.76,NORMAL
1352,2026-09-30T09:50:25.515921,26.03,NORMAL
1353,2026-09-30T09:50:26.519250,26.11,NORMAL
1354,2026-09-30T09:50:27.521222,25.91,NORMAL
1355,2026-09-30T09:50:28.522703,26.17,NORMAL
1356,2026-09-30T09:50:29.524261,26.43,NORMAL
1357,2026-09-30T09:50:30.526490,26.54,NORMAL
1358,2026-09-30T09:50:31.529074,26.43,NORMAL
1359,2026-09-30T09:50:32.530987,26.43,NORMAL
1360,2026-09-30T09:50:33.534055,26.54,NORMAL
1361,2026-09-30T09:50:34.536093,26.8,NORMAL
1362,2026-09-30T09:50:35.537982,26.89,NORMAL
1363,2026-09-30T09:50:36.539845,26.84,NORMAL
1364,2026-09-30T09:50:37.542606,27.11,NORMAL
1365,2026-09-30T09:50:38.544413,27.32,NORMAL
1366,2026-09-30T09:50:39.546126,27.45,NORMAL
1367,2026-09-30T09:50:40.548296,27.51,NORMAL
1368,2026-09-30T09:50:41.549963,27.57,NORMAL
1369,2026-09-30T09:50:42.551716,27.27,NORMAL
1370,2026-09-30T09:50:43.554409,27.35,NORMAL
1371,2026-09-30T09:50:44.556182,27.24,NORMAL
1372,2026-09-30T09:50:45.557709,27.35,NORMAL
1373,2026-09-30T09:50:46.559513,27.32,NORMAL
1374,2026-09-30T09:50:47.561578,27.33,NORMAL
1375,2026-09-30T09:50:48.563567,27.23,NORMAL
1376,2026-09-30T09:50:49.565454,27.1,NORMAL
1377,2026-09-30T09:50:50.566616,27.12,NORMAL
1378,2026-09-30T09:50:51.568815,27.31,NORMAL
1379,2026-09-30T09:50:52.570743,27.24,NORMAL
1380,2026-09-30T09:50:53.572491,27.34,NORMAL
1381,2026-09-30T09:50:54.576784,27.61,NORMAL
1382,2026-09-30T09:50:55.579106,27.66,NORMAL
1383,2026-09-30T09:50:56.582409,27.94,NORMAL
1384,2026-09-30T09:50:57.587014,27.72,NORMAL
1385,2026-09-30T09:50:58.588823,28.0,NORMAL
1386,2026-09-30T09:50:59.591206,27.75,NORMAL
1387,2026-09-30T09:51:00.592842,27.75,NORMAL
1388,2026-09-30T09:51:01.594095,27.99,NORMAL
1389,2026-09-30T09:51:02.597122,28.22,NORMAL
1390,2026-09-30T09:51:03.599912,28.16,NORMAL
1391,2026-09-30T09:51:04.601833,28.42,NORMAL
1392,2026-09-30T09:51:05.603272,28.16,NORMAL
1393,2026-09-30T09:51:06.604648,28.33,NORMAL
1394,2026-09-30T09:51:07.606855,28.26,NORMAL
1395,2026-09-30T09:51:08.608758,28.01,NORMAL
1396,2026-09-30T09:51:09.611128,27.88,NORMAL
1397,2026-09-30T09:51:10.613374,27.87,NORMAL
1398,2026-09-30T09:51:11.616065,27.81,NORMAL
1399,2026-09-30T09:51:12.617706,28.06,NORMAL
1400,2026-09-30T09:51:13.619446,28.23,NORMAL
1401,2026-09-30T09:51:14.621346,28.02,NORMAL
1402,2026-09-30T09:51:15.623117,27.74,NORMAL
1403,2026-09-30T09:51:16.625140,27.53,NORMAL
1404,2026-09-30T09:51:17.627322,27.75,NORMAL
1405,2026-09-30T09:51:18.630584,27.57,NORMAL
1406,2026-09-30T09:51:19.633954,70.0,CRITICAL
1407,2026-09-30T09:51:20.635673,70.0,CRITICAL
1408,2026-09-30T09:51:21.641045,70.0,CRITICAL
1409,2026-09-30T09:51:22.641976,70.0,CRITICAL
1410,2026-09-30T09:51:23.643604,70.0,CRITICAL
1411,2026-09-30T09:51:24.645662,28.26,NORMAL
1412,2026-09-30T09:51:25.647860,27.97,NORMAL
1413,2026-09-30T09:51:26.649555,28.03,NORMAL
1414,2026-09-30T09:51:27.651730,27.88,NORMAL
1415,2026-09-30T09:51:28.655264,27.72,NORMAL
1416,2026-09-30T09:51:29.657548,27.46,NORMAL
1417,2026-09-30T09:51:30.659008,27.46,NORMAL
1418,2026-09-30T09:51:31.660277,27.2,NORMAL
1419,2026-09-30T09:51:32.661736,27.45,NORMAL
1420,2026-09-30T09:51:33.662745,27.41,NORMAL
1421,2026-09-30T09:51:34.663913,27.65,NORMAL
1422,2026-09-30T09:51:35.666525,27.69,NORMAL
1423,2026-09-30T09:51:36.668840,27.72,NORMAL
1424,2026-09-30T09:51:37.675951,27.47,NORMAL
1425,2026-09-30T09:51:38.678153,27.51,NORMAL
1426,2026-09-30T09:51:39.680155,27.29,NORMAL
1427,2026-09-30T09:51:40.683037,27.15,NORMAL
1428,2026-09-30T09:51:41.684687,27.18,NORMAL
1429,2026-09-30T09:51:42.687481,27.25,NORMAL
1430,2026-09-30T09:51:43.688879,26.99,NORMAL
1431,2026-09-30T09:51:44.690866,26.74,NORMAL
1432,2026-09-30T09:51:45.692080,26.72,NORMAL
1433,2026-09-30T09:51:46.694752,26.83,NORMAL
1434,2026-09-30T09:51:47.696620,27.09,NORMAL
1435,2026-09-30T09:51:48.699468,26.93,NORMAL
1436,2026-09-30T09:51:49.700871,26.82,NORMAL
1437,2026-09-30T09:51:50.702618,27.07,NORMAL
1438,2026-09-30T09:51:51.704505,26.98,NORMAL
1439,2026-09-30T09:51:52.707234,27.09,NORMAL
1440,2026-09-30T09:51:53.709068,27.38,NORMAL
1441,2026-09-30T09:51:54.711217,27.13,NORMAL
1442,2026-09-30T09:51:55.712559,27.3,NORMAL
1443,2026-09-30T09:51:56.715749,27.22,NORMAL
1444,2026-09-30T09:51:57.718056,27.04,NORMAL
1445,2026-09-30T09:51:58.720237,27.11,NORMAL
1446,2026-09-30T09:51:59.722486,27.32,NORMAL
1447,2026-09-30T09:52:00.725272,27.29,NORMAL
1448,2026-09-30T09:52:01.728502,27.27,NORMAL
1449,2026-09-30T09:52:02.729861,27.06,NORMAL
1450,2026-09-30T09:52:03.731952,26.91,NORMAL
1451,2026-09-30T09:52:04.734839,26.72,NORMAL
1452,2026-09-30T09:52:05.736370,26.85,NORMAL
1453,2026-09-30T09:52:06.739442,27.14,NORMAL
1454,2026-09-30T09:52:07.741244,27.35,NORMAL
1455,2026-09-30T09:52:08.744497,27.15,NORMAL
1456,2026-09-30T09:52:09.746773,27.07,NORMAL
1457,2026-09-30T09:52:10.749403,27.24,NORMAL
1458,2026-09-30T09:52:11.751670,27.12,NORMAL
1459,2026-09-30T09:52:12.754492,27.02,NORMAL
1460,2026-09-30T09:52:13.756524,27.08,NORMAL
1461,2026-09-30T09:52:14.759942,26.99,NORMAL
1462,2026-09-30T09:52:15.762380,26.8,NORMAL
1463,2026-09-30T09:52:16.764523,26.5,NORMAL
1464,2026-09-30T09:52:17.767730,26.67,NORMAL
1465,2026-09-30T09:52:18.770669,26.8,NORMAL
1466,2026-09-30T09:52:19.774417,26.75,NORMAL
1467,2026-09-30T09:52:20.777289,26.73,NORMAL
1468,2026-09-30T09:52:21.778948,26.47,NORMAL
1469,2026-09-30T09:52:22.780680,26.68,NORMAL
1470,2026-09-30T09:52:23.782528,26.85,NORMAL
1471,2026-09-30T09:52:24.785974,27.08,NORMAL
1472,2026-09-30T09:52:25.788254,26.96,NORMAL
1473,2026-09-30T09:52:26.791692,27.05,NORMAL
1474,2026-09-30T09:52:27.793490,27.28,NORMAL
1475,2026-09-30T09:52:28.796125,27.1,NORMAL
1476,2026-09-30T09:52:29.798315,27.06,NORMAL
1477,2026-09-30T09:52:30.800424,26.95,NORMAL
1478,2026-09-30T09:52:31.802605,27.14,NORMAL
1479,2026-09-30T09:52:32.805420,27.12,NORMAL
1480,2026-09-30T09:52:33.808020,26.9,NORMAL
1481,2026-09-30T09:52:34.811718,26.78,NORMAL
1482,2026-09-30T09:52:35.813375,26.51,NORMAL
1483,2026-09-30T09:52:36.814900,26.27,NORMAL
1484,2026-09-30T09:52:37.816633,26.4,NORMAL
1485,2026-09-30T09:52:38.818449,26.5,NORMAL
1486,2026-09-30T09:52:39.821714,26.48,NORMAL
1487,2026-09-30T09:52:40.827242,26.43,NORMAL
1488,2026-09-30T09:52:41.830904,26.38,NORMAL
1489,2026-09-30T09:52:42.834019,26.26,NORMAL
1490,2026-09-30T09:52:43.837063,26.32,NORMAL
1491,2026-09-30T09:52:44.839137,26.24,NORMAL
1492,2026-09-30T09:52:45.841114,26.22,NORMAL
1493,2026-09-30T09:52:46.842853,26.51,NORMAL
1494,2026-09-30T09:52:47.844622,26.53,NORMAL
1495,2026-09-30T09:52:48.847010,26.68,NORMAL
1496,2026-09-30T09:52:49.850514,26.81,NORMAL
1497,2026-09-30T09:52:50.853278,26.9,NORMAL
1498,2026-09-30T09:52:51.854824,27.04,NORMAL
1499,2026-09-30T09:52:52.857111,27.07,NORMAL
1500,2026-09-30T09:52:53.860482,26.84,NORMAL
1501,2026-09-30T09:52:54.862223,26.74,NORMAL
1502,2026-09-30T09:52:55.864870,26.71,NORMAL
1503,2026-09-30T09:52:56.866358,26.89,NORMAL
1504,2026-09-30T09:52:57.868552,27.01,NORMAL
1505,2026-09-30T09:52:58.870378,27.13,NORMAL
1506,2026-09-30T09:52:59.871360,27.29,NORMAL
1507,2026-09-30T09:53:00.872349,27.04,NORMAL
1508,2026-09-30T09:53:01.873814,26.94,NORMAL
1509,2026-09-30T09:53:02.875217,27.18,NORMAL
1510,2026-09-30T09:53:03.876203,27.16,NORMAL
1511,2026-09-30T09:53:04.877547,26.94,NORMAL
1512,2026-09-30T09:53:05.879343,27.12,NORMAL
1513,2026-09-30T09:53:06.881159,27.04,NORMAL
1514,2026-09-30T09:53:07.883994,26.84,NORMAL
1515,2026-09-30T09:53:08.885935,26.79,NORMAL
1516,2026-09-30T09:53:09.888173,26.83,NORMAL
1517,2026-09-30T09:53:10.891963,27.01,NORMAL
1518,2026-09-30T09:53:11.893359,27.04,NORMAL
1519,2026-09-30T09:53:12.894936,27.33,NORMAL
1520,2026-09-30T09:53:13.896797,70.0,CRITICAL
1521,2026-09-30T09:53:14.899039,70.0,CRITICAL
1522,2026-09-30T09:53:15.901754,70.0,CRITICAL
1523,2026-09-30T09:53:16.904941,70.0,CRITICAL
1524,2026-09-30T09:53:17.910119,70.0,CRITICAL
1525,2026-09-30T09:53:18.912458,26.61,NORMAL
1526,2026-09-30T09:53:19.914460,26.58,NORMAL
1527,2026-09-30T09:53:20.917088,26.72,NORMAL
1528,2026-09-30T09:53:21.918922,26.81,NORMAL
1529,2026-09-30T09:53:22.920225,26.71,NORMAL
1530,2026-09-30T09:53:23.925449,26.83,NORMAL
1531,2026-09-30T09:53:24.927909,26.56,NORMAL
1532,2026-09-30T09:53:25.930903,26.41,NORMAL
1533,2026-09-30T09:53:26.933992,26.69,NORMAL
1534,2026-09-30T09:53:27.935008,26.7,NORMAL
1535,2026-09-30T09:53:28.935982,26.83,NORMAL
1536,2026-09-30T09:53:29.937033,26.75,NORMAL
1537,2026-09-30T09:53:30.938318,26.9,NORMAL
1538,2026-09-30T09:53:31.940866,27.09,NORMAL
1539,2026-09-30T09:53:32.942868,27.2,NORMAL
1540,2026-09-30T09:53:33.943980,27.15,NORMAL
1541,2026-09-30T09:53:34.945972,27.32,NORMAL
1542,2026-09-30T09:53:35.948625,27.37,NORMAL
1543,2026-09-30T09:53:36.950566,27.55,NORMAL
1544,2026-09-30T09:53:37.953068,27.57,NORMAL
1545,2026-09-30T09:53:38.954837,27.27,NORMAL
1546,2026-09-30T09:53:39.956856,27.52,NORMAL
1547,2026-09-30T09:53:40.957879,27.81,NORMAL
1548,2026-09-30T09:53:41.960106,27.85,NORMAL
1549,2026-09-30T09:53:42.962717,27.93,NORMAL
1550,2026-09-30T09:53:43.964541,28.03,NORMAL
1551,2026-09-30T09:53:44.967161,27.93,NORMAL
1552,2026-09-30T09:53:45.968676,28.04,NORMAL
1553,2026-09-30T09:53:46.970713,28.14,NORMAL
1554,2026-09-30T09:53:47.977031,28.1,NORMAL
1555,2026-09-30T09:53:48.980107,28.0,NORMAL
1556,2026-09-30T09:53:49.982663,28.13,NORMAL
1557,2026-09-30T09:53:50.984462,28.15,NORMAL
1558,2026-09-30T09:53:51.986980,27.9,NORMAL
1559,2026-09-30T09:53:52.989815,27.73,NORMAL
1560,2026-09-30T09:53:53.992202,27.6,NORMAL
1561,2026-09-30T09:53:54.995476,27.69,NORMAL
1562,2026-09-30T09:53:55.998145,27.5,NORMAL
1563,2026-09-30T09:53:57.000543,27.45,NORMAL
1564,2026-09-30T09:53:58.003168,27.64,NORMAL
1565,2026-09-30T09:53:59.005166,27.48,NORMAL
1566,2026-09-30T09:54:00.008098,27.69,NORMAL
1567,2026-09-30T09:54:01.013349,27.4,NORMAL
1568,2026-09-30T09:54:02.015530,27.21,NORMAL
1569,2026-09-30T09:54:03.018865,26.99,NORMAL
1570,2026-09-30T09:54:04.022180,27.03,NORMAL
1571,2026-09-30T09:54:05.024330,27.17,NORMAL
1572,2026-09-30T09:54:06.027361,26.97,NORMAL
1573,2026-09-30T09:54:07.030129,27.17,NORMAL
1574,2026-09-30T09:54:08.032771,27.32,NORMAL
1575,2026-09-30T09:54:09.034053,27.43,NORMAL
1576,2026-09-30T09:54:10.036593,27.59,NORMAL
1577,2026-09-30T09:54:11.039645,27.88,NORMAL
1578,2026-09-30T09:54:12.042549,27.95,NORMAL
1579,2026-09-30T09:54:13.045848,27.9,NORMAL
1580,2026-09-30T09:54:14.048848,27.75,NORMAL
1581,2026-09-30T09:54:15.052432,27.97,NORMAL
1582,2026-09-30T09:54:16.054781,27.72,NORMAL
1583,2026-09-30T09:54:17.057737,27.45,NORMAL
1584,2026-09-30T09:54:18.060478,27.53,NORMAL
1585,2026-09-30T09:54:19.063838,,SENSOR_FAILURE
1586,2026-09-30T09:54:20.065986,,SENSOR_FAILURE
1587,2026-09-30T09:54:21.067853,,SENSOR_FAILURE
1588,2026-09-30T09:54:22.069891,,SENSOR_FAILURE
1589,2026-09-30T09:54:23.072783,,SENSOR_FAILURE
1590,2026-09-30T09:54:24.081927,27.38,NORMAL
1591,2026-09-30T09:54:25.084690,27.45,NORMAL
1592,2026-09-30T09:54:26.086695,27.44,NORMAL
1593,2026-09-30T09:54:27.089981,27.14,NORMAL
1594,2026-09-30T09:54:28.093712,27.29,NORMAL
1595,2026-09-30T09:54:29.095575,27.15,NORMAL
1596,2026-09-30T09:54:30.097972,27.11,NORMAL
1597,2026-09-30T09:54:31.100891,27.19,NORMAL
1598,2026-09-30T09:54:32.104093,26.91,NORMAL
1599,2026-09-30T09:54:33.107164,26.71,NORMAL
1600,2026-09-30T09:54:34.111939,26.46,NORMAL
1601,2026-09-30T09:54:35.114827,26.32,NORMAL
1602,2026-09-30T09:54:36.118358,26.28,NORMAL
1603,2026-09-30T09:54:37.121800,26.44,NORMAL
1604,2026-09-30T09:54:38.124867,26.62,NORMAL
1605,2026-09-30T09:54:39.128417,26.57,NORMAL
1606,2026-09-30T09:54:40.131680,26.61,NORMAL
1607,2026-09-30T09:54:41.134942,26.49,NORMAL
1608,2026-09-30T09:54:42.137798,26.22,NORMAL
1609,2026-09-30T09:54:43.139447,26.09,NORMAL
1610,2026-09-30T09:54:44.141942,26.22,NORMAL
1611,2026-09-30T09:54:45.144804,26.06,NORMAL
1612,2026-09-30T09:54:46.148691,26.04,NORMAL
1613,2026-09-30T09:54:47.151600,25.79,NORMAL
1614,2026-09-30T09:54:48.153723,25.93,NORMAL
1615,2026-09-30T09:54:49.154804,26.09,NORMAL
1616,2026-09-30T09:54:50.156532,26.02,NORMAL
1617,2026-09-30T09:54:51.162792,25.8,NORMAL
1618,2026-09-30T09:54:52.166298,26.1,NORMAL
1619,2026-09-30T09:54:53.169721,26.2,NORMAL
1620,2026-09-30T09:54:54.172910,26.38,NORMAL
1621,2026-09-30T09:54:55.176430,26.52,NORMAL
1622,2026-09-30T09:54:56.179103,26.32,NORMAL
1623,2026-09-30T09:54:57.181946,26.58,NORMAL
1624,2026-09-30T09:54:58.184666,26.31,NORMAL
1625,2026-09-30T09:54:59.185671,26.46,NORMAL
1626,2026-09-30T09:55:00.189420,26.3,NORMAL
1627,2026-09-30T09:55:01.192344,26.03,NORMAL
1628,2026-09-30T09:55:02.193885,25.96,NORMAL
1629,2026-09-30T09:55:03.194934,26.09,NORMAL
1630,2026-09-30T09:55:04.196576,26.25,NORMAL
1631,2026-09-30T09:55:05.198391,26.4,NORMAL
1632,2026-09-30T09:55:06.199888,26.14,NORMAL
1633,2026-09-30T09:55:07.201512,26.33,NORMAL
1634,2026-09-30T09:55:08.202776,26.11,NORMAL
1635,2026-09-30T09:55:09.204174,26.18,NORMAL
1636,2026-09-30T09:55:10.205652,26.1,NORMAL
1637,2026-09-30T09:55:11.207177,26.03,NORMAL
1638,2026-09-30T09:55:12.210083,26.06,NORMAL
1639,2026-09-30T09:55:13.211582,25.85,NORMAL
1640,2026-09-30T09:55:14.213677,25.86,NORMAL
1641,2026-09-30T09:55:15.215733,26.12,NORMAL
1642,2026-09-30T09:55:16.217302,26.07,NORMAL
1643,2026-09-30T09:55:17.218899,26.27,NORMAL
1644,2026-09-30T09:55:18.220588,26.28,NORMAL
1645,2026-09-30T09:55:19.222533,26.23,NORMAL
1646,2026-09-30T09:55:20.224492,26.43,NORMAL
1647,2026-09-30T09:55:21.226553,26.34,NORMAL
1648,2026-09-30T09:55:22.228597,26.32,NORMAL
1649,2026-09-30T09:55:23.231387,,SENSOR_FAILURE
1650,2026-09-30T09:55:24.233671,,SENSOR_FAILURE
1651,2026-09-30T09:55:25.235657,,SENSOR_FAILURE
1652,2026-09-30T09:55:26.238208,,SENSOR_FAILURE
1653,2026-09-30T09:55:27.239883,,SENSOR_FAILURE
1654,2026-09-30T09:55:28.242993,26.97,NORMAL
1655,2026-09-30T09:55:29.244873,26.86,NORMAL
1656,2026-09-30T09:55:30.248028,26.75,NORMAL
1657,2026-09-30T09:55:31.250830,26.54,NORMAL
1658,2026-09-30T09:55:32.253653,26.78,NORMAL
1659,2026-09-30T09:55:33.256293,26.61,NORMAL
1660,2026-09-30T09:55:34.258560,26.81,NORMAL
1661,2026-09-30T09:55:35.261970,26.8,NORMAL
1662,2026-09-30T09:55:36.264848,26.51,NORMAL
1663,2026-09-30T09:55:37.268150,26.39,NORMAL
1664,2026-09-30T09:55:38.270816,26.3,NORMAL
1665,2026-09-30T09:55:39.272941,26.1,NORMAL
1666,2026-09-30T09:55:40.275725,26.24,NORMAL
1667,2026-09-30T09:55:41.277704,26.52,NORMAL
1668,2026-09-30T09:55:42.280679,26.48,NORMAL
1669,2026-09-30T09:55:43.283202,26.4,NORMAL
1670,2026-09-30T09:55:44.285247,26.56,NORMAL
1671,2026-09-30T09:55:45.288674,26.64,NORMAL
1672,2026-09-30T09:55:46.291403,26.45,NORMAL
1673,2026-09-30T09:55:47.295226,26.55,NORMAL
1674,2026-09-30T09:55:48.296982,26.61,NORMAL
1675,2026-09-30T09:55:49.298819,26.44,NORMAL
1676,2026-09-30T09:55:50.301131,26.18,NORMAL
1677,2026-09-30T09:55:51.303509,26.01,NORMAL
1678,2026-09-30T09:55:52.305480,26.09,NORMAL
1679,2026-09-30T09:55:53.308464,26.11,NORMAL
1680,2026-09-30T09:55:54.311127,26.11,NORMAL
1681,2026-09-30T09:55:55.313404,25.83,NORMAL
1682,2026-09-30T09:55:56.316245,25.93,NORMAL
1683,2026-09-30T09:55:57.318586,26.18,NORMAL
1684,2026-09-30T09:55:58.321325,26.13,NORMAL
1685,2026-09-30T09:55:59.324509,26.06,NORMAL
1686,2026-09-30T09:56:00.328365,,SENSOR_FAILURE
1687,2026-09-30T09:56:01.331444,,SENSOR_FAILURE
1688,2026-09-30T09:56:02.333390,,SENSOR_FAILURE
1689,2026-09-30T09:56:03.334978,,SENSOR_FAILURE
1690,2026-09-30T09:56:04.336213,,SENSOR_FAILURE
1691,2026-09-30T09:56:05.338304,25.44,NORMAL
1692,2026-09-30T09:56:06.340691,25.2,NORMAL
1693,2026-09-30T09:56:07.345533,24.9,NORMAL
1694,2026-09-30T09:56:08.348299,25.2,NORMAL
1695,2026-09-30T09:56:09.350071,24.93,NORMAL
1696,2026-09-30T09:56:10.353458,24.66,NORMAL
1697,2026-09-30T09:56:11.356938,24.84,NORMAL
1698,2026-09-30T09:56:12.360055,24.67,NORMAL
1699,2026-09-30T09:56:13.362979,24.74,NORMAL
1700,2026-09-30T09:56:14.365435,24.56,NORMAL
1701,2026-09-30T09:56:15.368322,24.5,NORMAL
1702,2026-09-30T09:56:16.370812,24.36,NORMAL
1703,2026-09-30T09:56:17.373807,24.24,NORMAL
1704,2026-09-30T09:56:18.377741,24.35,NORMAL
1705,2026-09-30T09:56:19.379293,24.32,NORMAL
1706,2026-09-30T09:56:20.382052,24.58,NORMAL
1707,2026-09-30T09:56:21.384883,24.68,NORMAL
1708,2026-09-30T09:56:22.387413,24.49,NORMAL
1709,2026-09-30T09:56:23.390127,24.61,NORMAL
1710,2026-09-30T09:56:24.392325,24.87,NORMAL
1711,2026-09-30T09:56:25.395932,24.89,NORMAL
1712,2026-09-30T09:56:26.398056,25.15,NORMAL
1713,2026-09-30T09:56:27.401049,25.44,NORMAL
1714,2026-09-30T09:56:28.403486,25.28,NORMAL
1715,2026-09-30T09:56:29.407430,25.26,NORMAL
1716,2026-09-30T09:56:30.411076,25.08,NORMAL
1717,2026-09-30T09:56:31.414125,25.12,NORMAL
1718,2026-09-30T09:56:32.416626,70.0,CRITICAL
1719,2026-09-30T09:56:33.418342,70.0,CRITICAL
1720,2026-09-30T09:56:34.421257,70.0,CRITICAL
1721,2026-09-30T09:56:35.424296,70.0,CRITICAL
1722,2026-09-30T09:56:36.429681,70.0,CRITICAL
1723,2026-09-30T09:56:37.432162,24.54,NORMAL
1724,2026-09-30T09:56:38.434661,24.3,NORMAL
1725,2026-09-30T09:56:39.438240,24.2,NORMAL
1726,2026-09-30T09:56:40.441025,23.95,NORMAL
1727,2026-09-30T09:56:41.447747,23.81,NORMAL
1728,2026-09-30T09:56:42.450856,23.64,NORMAL
1729,2026-09-30T09:56:43.452600,23.93,NORMAL
1730,2026-09-30T09:56:44.455974,24.17,NORMAL
1731,2026-09-30T09:56:45.459360,24.11,NORMAL
1732,2026-09-30T09:56:46.462955,24.26,NORMAL
1733,2026-09-30T09:56:47.465743,24.1,NORMAL
1734,2026-09-30T09:56:48.467604,23.8,NORMAL
1735,2026-09-30T09:56:49.470453,23.77,NORMAL
1736,2026-09-30T09:56:50.473295,23.96,NORMAL
1737,2026-09-30T09:56:51.479315,24.25,NORMAL
1738,2026-09-30T09:56:52.482081,24.17,NORMAL
1739,2026-09-30T09:56:53.484119,24.35,NORMAL
1740,2026-09-30T09:56:54.485952,24.2,NORMAL
1741,2026-09-30T09:56:55.488160,23.94,NORMAL
1742,2026-09-30T09:56:56.490737,24.12,NORMAL
1743,2026-09-30T09:56:57.495554,24.23,NORMAL
1744,2026-09-30T09:56:58.498989,23.96,NORMAL
1745,2026-09-30T09:56:59.501577,24.03,NORMAL
1746,2026-09-30T09:57:00.504558,24.0,NORMAL
1747,2026-09-30T09:57:01.506284,24.23,NORMAL
1748,2026-09-30T09:57:02.508836,24.44,NORMAL
1749,2026-09-30T09:57:03.512351,24.42,NORMAL
1750,2026-09-30T09:57:04.514104,24.37,NORMAL
1751,2026-09-30T09:57:05.517180,24.64,NORMAL
1752,2026-09-30T09:57:06.520406,24.45,NORMAL
1753,2026-09-30T09:57:07.523575,24.73,NORMAL
1754,2026-09-30T09:57:08.533694,24.84,NORMAL
1755,2026-09-30T09:57:09.536532,24.83,NORMAL
1756,2026-09-30T09:57:10.539492,24.66,NORMAL
1757,2026-09-30T09:57:11.542517,24.72,NORMAL
1758,2026-09-30T09:57:12.545417,25.0,NORMAL
1759,2026-09-30T09:57:13.548692,25.06,NORMAL
1760,2026-09-30T09:57:14.552273,25.13,NORMAL
1761,2026-09-30T09:57:15.555359,25.33,NORMAL
1762,2026-09-30T09:57:16.558246,25.43,NORMAL
1763,2026-09-30T09:57:17.562872,25.18,NORMAL
1764,2026-09-30T09:57:18.565604,25.21,NORMAL
1765,2026-09-30T09:57:19.568786,24.98,NORMAL
1766,2026-09-30T09:57:20.571592,25.25,NORMAL
1767,2026-09-30T09:57:21.574231,25.35,NORMAL
1768,2026-09-30T09:57:22.577334,25.44,NORMAL
1769,2026-09-30T09:57:23.579830,25.65,NORMAL
1770,2026-09-30T09:57:24.581876,25.75,NORMAL
1771,2026-09-30T09:57:25.584609,25.74,NORMAL
1772,2026-09-30T09:57:26.587700,25.84,NORMAL
1773,2026-09-30T09:57:27.590797,26.04,NORMAL
1774,2026-09-30T09:57:28.595480,25.93,NORMAL
1775,2026-09-30T09:57:29.598246,25.71,NORMAL
1776,2026-09-30T09:57:30.599591,25.75,NORMAL
1777,2026-09-30T09:57:31.603051,25.84,NORMAL
1778,2026-09-30T09:57:32.605856,25.56,NORMAL
1779,2026-09-30T09:57:33.607469,25.55,NORMAL
1780,2026-09-30T09:57:34.609407,25.68,NORMAL
1781,2026-09-30T09:57:35.614037,25.74,NORMAL
1782,2026-09-30T09:57:36.616924,25.53,NORMAL
1783,2026-09-30T09:57:37.620796,25.31,NORMAL
1784,2026-09-30T09:57:38.623604,25.2,NORMAL
1785,2026-09-30T09:57:39.625544,25.17,NORMAL
1786,2026-09-30T09:57:40.628970,25.2,NORMAL
1787,2026-09-30T09:57:41.630580,25.38,NORMAL
1788,2026-09-30T09:57:42.634120,25.12,NORMAL
1789,2026-09-30T09:57:43.636776,24.87,NORMAL
1790,2026-09-30T10:05:50.815483,25.22,NORMAL
1791,2026-09-30T10:05:51.823609,25.17,NORMAL
1792,2026-09-30T10:05:52.826230,25.12,NORMAL
1793,2026-09-30T10:05:53.828086,25.16,NORMAL
1794,2026-09-30T10:05:54.829916,25.12,NORMAL
1795,2026-09-30T10:05:55.832933,25.19,NORMAL
1796,2026-09-30T10:05:56.835546,24.91,NORMAL
1797,2026-09-30T10:05:57.838906,25.04,NORMAL
1798,2026-09-30T10:05:58.842732,24.93,NORMAL
1799,2026-09-30T10:05:59.844581,25.09,NORMAL
1800,2026-09-30T10:06:00.847930,25.01,NORMAL
1801,2026-09-30T10:06:01.876037,25.16,NORMAL
1802,2026-09-30T10:06:02.994256,25.02,NORMAL
1803,2026-09-30T10:06:04.001666,24.88,NORMAL
1804,2026-09-30T10:06:05.004463,24.61,NORMAL
1805,2026-09-30T10:06:06.007287,24.77,NORMAL
1806,2026-09-30T10:06:07.011046,25.05,NORMAL
1807,2026-09-30T10:06:08.013389,25.25,NORMAL
1808,2026-09-30T10:06:09.015503,25.2,NORMAL
1809,2026-09-30T10:06:10.017788,25.43,NORMAL
1810,2026-09-30T10:06:11.026187,25.72,NORMAL
1811,2026-09-30T10:06:12.117961,25.94,NORMAL
1812,2026-09-30T10:06:13.139697,25.9,NORMAL
1813,2026-09-30T10:06:14.142368,25.87,NORMAL
1814,2026-09-30T10:06:15.145323,25.72,NORMAL
1815,2026-09-30T10:06:16.148086,25.62,NORMAL
1816,2026-09-30T10:06:17.151352,25.39,NORMAL
1817,2026-09-30T10:06:18.153975,25.12,NORMAL
1818,2026-09-30T10:06:19.158442,25.28,NORMAL
1819,2026-09-30T10:06:20.161005,24.98,NORMAL
1820,2026-09-30T10:06:21.163622,24.78,NORMAL
1821,2026-09-30T10:06:22.166270,24.8,NORMAL
1822,2026-09-30T10:06:23.169068,24.76,NORMAL
1823,2026-09-30T10:06:24.171420,24.64,NORMAL
1824,2026-09-30T10:06:25.173040,24.44,NORMAL
1825,2026-09-30T10:06:26.175045,24.58,NORMAL
1826,2026-09-30T10:06:27.179181,70.0,CRITICAL
1827,2026-09-30T10:06:28.182580,70.0,CRITICAL
1828,2026-09-30T10:06:29.186001,70.0,CRITICAL
1829,2026-09-30T10:06:30.188393,70.0,CRITICAL
1830,2026-09-30T10:06:31.189843,70.0,CRITICAL
1831,2026-09-30T10:06:32.192934,24.93,NORMAL
1832,2026-09-30T10:06:33.195530,25.01,NORMAL
1833,2026-09-30T10:06:34.197932,25.31,NORMAL
1834,2026-09-30T10:06:35.201252,25.16,NORMAL
1835,2026-09-30T10:06:36.203421,24.88,NORMAL
1836,2026-09-30T10:06:37.209641,24.97,NORMAL
1837,2026-09-30T10:06:38.212811,24.81,NORMAL
1838,2026-09-30T10:06:39.215596,24.8,NORMAL
1839,2026-09-30T10:06:40.218186,24.5,NORMAL
1840,2026-09-30T10:06:41.220968,24.38,NORMAL
1841,2026-09-30T10:06:42.230049,24.44,NORMAL
1842,2026-09-30T10:06:43.317798,24.56,NORMAL
1843,2026-09-30T10:06:44.319859,24.79,NORMAL
1844,2026-09-30T10:06:45.325350,25.08,NORMAL
1845,2026-09-30T10:06:46.327477,25.07,NORMAL
1846,2026-09-30T10:06:47.329725,24.99,NORMAL
1847,2026-09-30T10:06:48.331494,25.07,NORMAL
1848,2026-09-30T10:06:49.333693,25.32,NORMAL
1849,2026-09-30T10:06:50.335960,25.46,NORMAL
1850,2026-09-30T10:06:51.338418,25.57,NORMAL
1851,2026-09-30T10:06:52.341723,25.54,NORMAL
1852,2026-09-30T10:06:53.344983,,SENSOR_FAILURE
1853,2026-09-30T10:06:54.346754,,SENSOR_FAILURE
1854,2026-09-30T10:06:55.348234,,SENSOR_FAILURE
1855,2026-09-30T10:06:56.349773,,SENSOR_FAILURE
1856,2026-09-30T10:06:57.351627,,SENSOR_FAILURE
1857,2026-09-30T10:06:58.353763,25.26,NORMAL
1858,2026-09-30T10:06:59.355758,25.18,NORMAL
1859,2026-09-30T10:07:00.357927,25.08,NORMAL
1860,2026-09-30T10:07:01.364662,24.86,NORMAL
1861,2026-09-30T10:07:02.366346,25.04,NORMAL
1862,2026-09-30T10:07:03.368733,25.32,NORMAL
1863,2026-09-30T10:07:04.370658,25.29,NORMAL
1864,2026-09-30T10:07:05.372898,25.24,NORMAL
1865,2026-09-30T10:07:06.375552,24.96,NORMAL
1866,2026-09-30T10:07:07.377555,24.79,NORMAL
1867,2026-09-30T10:07:08.379128,25.01,NORMAL
1868,2026-09-30T10:07:09.381215,24.86,NORMAL
1869,2026-09-30T10:07:10.383708,24.63,NORMAL
1870,2026-09-30T10:07:11.386539,24.43,NORMAL
1871,2026-09-30T10:07:12.389347,24.6,NORMAL
1872,2026-09-30T10:07:13.391468,24.76,NORMAL
1873,2026-09-30T10:07:14.392878,24.9,NORMAL
1874,2026-09-30T10:07:15.394839,24.62,NORMAL
1875,2026-09-30T10:07:16.397807,24.44,NORMAL
1876,2026-09-30T10:07:17.400138,24.56,NORMAL
1877,2026-09-30T10:07:18.402669,24.76,NORMAL
1878,2026-09-30T10:07:19.405980,,SENSOR_FAILURE
1879,2026-09-30T10:07:20.410898,,SENSOR_FAILURE
1880,2026-09-30T10:07:21.413570,,SENSOR_FAILURE
1881,2026-09-30T10:07:22.415882,,SENSOR_FAILURE
1882,2026-09-30T10:07:23.419214,,SENSOR_FAILURE
1883,2026-09-30T10:07:24.422064,25.22,NORMAL
1884,2026-09-30T10:07:25.423709,25.38,NORMAL
1885,2026-09-30T10:07:26.425571,25.24,NORMAL
1886,2026-09-30T10:07:27.427119,25.33,NORMAL
1887,2026-09-30T10:07:28.429473,25.15,NORMAL
1888,2026-09-30T10:07:29.432185,25.25,NORMAL
1889,2026-09-30T10:07:30.434640,25.39,NORMAL
1890,2026-09-30T10:07:31.437324,25.52,NORMAL
1891,2026-09-30T10:07:32.439793,25.61,NORMAL
1892,2026-09-30T10:07:33.441951,25.88,NORMAL
1893,2026-09-30T10:07:34.444620,25.91,NORMAL
1894,2026-09-30T10:07:35.446980,25.64,NORMAL
1895,2026-09-30T10:07:36.449654,25.45,NORMAL
1896,2026-09-30T10:07:37.451962,25.36,NORMAL
1897,2026-09-30T10:07:38.453813,25.32,NORMAL
1898,2026-09-30T10:07:39.458178,25.22,NORMAL
1899,2026-09-30T10:07:40.460717,25.33,NORMAL
1900,2026-09-30T10:07:41.463123,25.4,NORMAL
1901,2026-09-30T10:07:42.465127,25.38,NORMAL
1902,2026-09-30T10:07:43.467422,25.27,NORMAL
1903,2026-09-30T10:07:44.470057,25.1,NORMAL
1904,2026-09-30T10:07:45.472367,25.24,NORMAL
1905,2026-09-30T10:07:46.475033,25.47,NORMAL
1906,2026-09-30T10:07:47.477332,25.65,NORMAL
1907,2026-09-30T10:07:48.479918,25.8,NORMAL
1908,2026-09-30T10:07:49.482183,25.79,NORMAL
1909,2026-09-30T10:07:50.484417,25.74,NORMAL
1910,2026-09-30T10:07:51.486394,25.96,NORMAL
1911,2026-09-30T10:07:52.488955,26.11,NORMAL
1912,2026-09-30T10:07:53.491389,26.01,NORMAL
1913,2026-09-30T10:07:54.501717,25.97,NORMAL
1914,2026-09-30T10:07:55.504455,25.84,NORMAL
1915,2026-09-30T10:07:56.507549,25.66,NORMAL
1916,2026-09-30T10:07:57.510146,25.75,NORMAL
1917,2026-09-30T10:07:58.513046,25.85,NORMAL
1918,2026-09-30T10:07:59.516590,25.76,NORMAL
1919,2026-09-30T10:08:00.520374,25.68,NORMAL
1920,2026-09-30T10:08:01.522863,25.6,NORMAL
1921,2026-09-30T10:08:02.526808,25.6,NORMAL
1922,2026-09-30T10:08:03.529524,25.34,NORMAL
1923,2026-09-30T10:08:04.532711,25.57,NORMAL
1924,2026-09-30T10:08:05.535690,25.56,NORMAL
1925,2026-09-30T10:08:06.538468,25.86,NORMAL
1926,2026-09-30T10:08:07.540665,25.9,NORMAL
1927,2026-09-30T10:08:08.545080,25.88,NORMAL
1928,2026-09-30T10:08:09.547744,26.08,NORMAL
1929,2026-09-30T10:08:10.550816,26.08,NORMAL
1930,2026-09-30T10:08:11.553443,26.22,NORMAL
1931,2026-09-30T10:08:12.558910,26.02,NORMAL
1932,2026-09-30T10:08:13.561262,25.76,NORMAL
1933,2026-09-30T10:08:14.564698,25.71,NORMAL
1934,2026-09-30T10:08:15.567042,25.47,NORMAL
1935,2026-09-30T10:08:16.569294,25.24,NORMAL
1936,2026-09-30T10:08:17.573181,25.15,NORMAL
1937,2026-09-30T10:08:18.576513,24.91,NORMAL
1938,2026-09-30T10:08:19.579270,25.04,NORMAL
1939,2026-09-30T10:08:20.581816,24.98,NORMAL
1940,2026-09-30T10:08:21.584711,24.91,NORMAL
1941,2026-09-30T10:08:22.587310,25.11,NORMAL
1942,2026-09-30T10:08:23.589735,25.38,NORMAL
1943,2026-09-30T10:08:24.592278,25.23,NORMAL
1944,2026-09-30T10:08:25.595569,25.2,NORMAL
1945,2026-09-30T10:08:26.599000,25.05,NORMAL
1946,2026-09-30T10:08:27.602138,24.99,NORMAL
1947,2026-09-30T10:08:28.605315,24.81,NORMAL
1948,2026-09-30T10:08:29.606979,24.76,NORMAL
1949,2026-09-30T10:08:30.608724,24.92,NORMAL
1950,2026-09-30T10:08:31.610881,24.91,NORMAL
1951,2026-09-30T10:08:32.614215,24.79,NORMAL
1952,2026-09-30T10:08:33.615817,24.72,NORMAL
1953,2026-09-30T10:08:34.617527,25.01,NORMAL
1954,2026-09-30T10:08:35.619164,24.97,NORMAL
1955,2026-09-30T10:08:36.620653,24.92,NORMAL
1956,2026-09-30T10:08:37.622607,25.04,NORMAL
1957,2026-09-30T10:08:38.625806,25.16,NORMAL
1958,2026-09-30T10:08:39.627098,25.31,NORMAL
1959,2026-09-30T10:08:40.630149,25.6,NORMAL
1960,2026-09-30T10:08:41.634476,25.52,NORMAL
1961,2026-09-30T10:08:42.637712,25.76,NORMAL
1962,2026-09-30T10:08:43.640707,25.67,NORMAL
1963,2026-09-30T10:08:44.643896,25.61,NORMAL
1964,2026-09-30T10:08:45.647288,25.76,NORMAL
1965,2026-09-30T10:08:46.651461,25.51,NORMAL
1966,2026-09-30T10:08:47.654849,25.48,NORMAL
1967,2026-09-30T10:08:48.657983,25.46,NORMAL
1968,2026-09-30T10:08:49.660779,25.2,NORMAL
1969,2026-09-30T10:08:50.664025,25.48,NORMAL
1970,2026-09-30T10:08:51.688078,25.73,NORMAL
1971,2026-09-30T10:08:52.695755,25.6,NORMAL
1972,2026-09-30T10:08:53.699267,25.72,NORMAL
1973,2026-09-30T10:08:54.702079,25.78,NORMAL
1974,2026-09-30T10:08:55.704825,26.03,NORMAL
1975,2026-09-30T10:08:56.707161,26.08,NORMAL
1976,2026-09-30T10:08:57.709415,26.35,NORMAL
1977,2026-09-30T10:08:58.711586,26.42,NORMAL
1978,2026-09-30T10:08:59.714862,26.71,NORMAL
1979,2026-09-30T10:09:00.717617,26.92,NORMAL
1980,2026-09-30T10:09:01.722437,26.94,NORMAL
1981,2026-09-30T10:09:02.724794,26.84,NORMAL
1982,2026-09-30T10:09:03.727092,26.6,NORMAL
1983,2026-09-30T10:09:04.729362,26.76,NORMAL
1984,2026-09-30T10:09:05.732421,26.77,NORMAL
1985,2026-09-30T10:09:06.734880,26.94,NORMAL
1986,2026-09-30T10:09:07.738455,27.1,NORMAL
1987,2026-09-30T10:09:08.741284,27.26,NORMAL
1988,2026-09-30T10:09:09.744941,27.05,NORMAL
1989,2026-09-30T10:09:10.747495,27.24,NORMAL
1990,2026-09-30T10:09:11.750473,27.21,NORMAL
1991,2026-09-30T10:09:12.753934,26.95,NORMAL
1992,2026-09-30T10:09:13.758029,27.18,NORMAL
1993,2026-09-30T10:09:14.760715,27.14,NORMAL
1994,2026-09-30T10:09:15.763808,27.3,NORMAL
1995,2026-09-30T10:09:16.766633,27.39,NORMAL
1996,2026-09-30T10:09:17.769387,27.27,NORMAL
1997,2026-09-30T10:09:18.772426,27.14,NORMAL
1998,2026-09-30T10:09:19.823662,26.88,NORMAL
1999,2026-09-30T10:09:20.866437,26.99,NORMAL
2000,2026-09-30T10:09:21.869280,26.97,NORMAL
2001,2026-09-30T10:09:22.872273,27.26,NORMAL
2002,2026-09-30T10:09:23.875178,27.0,NORMAL
2003,2026-09-30T10:09:24.877730,26.74,NORMAL
2004,2026-09-30T10:09:25.880414,26.52,NORMAL
2005,2026-09-30T10:09:26.882626,26.25,NORMAL
2006,2026-09-30T10:09:27.884663,26.54,NORMAL
2007,2026-09-30T10:09:28.888549,26.8,NORMAL
2008,2026-09-30T10:09:29.892139,26.77,NORMAL
2009,2026-09-30T10:09:30.894851,26.87,NORMAL
2010,2026-09-30T10:09:31.897076,26.99,NORMAL
2011,2026-09-30T10:09:32.898727,26.79,NORMAL
2012,2026-09-30T10:09:33.902547,26.84,NORMAL
2013,2026-09-30T10:09:34.905968,26.77,NORMAL
2014,2026-09-30T10:09:35.907761,26.66,NORMAL
2015,2026-09-30T10:09:36.910595,26.82,NORMAL
2016,2026-09-30T10:09:37.913204,26.72,NORMAL
2017,2026-09-30T10:09:38.915499,26.86,NORMAL
2018,2026-09-30T10:09:39.924164,26.66,NORMAL
2019,2026-09-30T10:09:40.926412,26.87,NORMAL
2020,2026-09-30T10:09:41.928886,27.05,NORMAL
2021,2026-09-30T10:09:42.930972,27.28,NORMAL
2022,2026-09-30T10:09:43.933209,27.41,NORMAL
2023,2026-09-30T10:09:44.934813,27.47,NORMAL
2024,2026-09-30T10:09:45.936604,27.58,NORMAL
2025,2026-09-30T10:09:46.939160,27.8,NORMAL
2026,2026-09-30T10:09:47.941345,27.84,NORMAL
2027,2026-09-30T10:09:48.943561,28.03,NORMAL
2028,2026-09-30T10:09:49.945222,27.93,NORMAL
2029,2026-09-30T10:09:50.950498,27.9,NORMAL
2030,2026-09-30T10:09:51.952528,27.84,NORMAL
2031,2026-09-30T10:09:52.954649,27.63,NORMAL
2032,2026-09-30T10:09:53.957585,27.66,NORMAL
2033,2026-09-30T10:09:54.960173,27.92,NORMAL
2034,2026-09-30T10:09:55.962950,27.76,NORMAL
2035,2026-09-30T10:09:56.965534,28.04,NORMAL
2036,2026-09-30T10:09:57.970237,27.95,NORMAL
2037,2026-09-30T10:09:58.973032,27.7,NORMAL
2038,2026-09-30T10:09:59.975410,27.43,NORMAL
2039,2026-09-30T10:10:00.977736,27.37,NORMAL
2040,2026-09-30T10:10:01.979969,27.22,NORMAL
2041,2026-09-30T10:10:02.982585,26.99,NORMAL
2042,2026-09-30T10:10:03.991475,27.1,NORMAL
2043,2026-09-30T10:10:04.993215,27.2,NORMAL
2044,2026-09-30T10:10:05.995511,27.29,NORMAL
2045,2026-09-30T10:10:06.997568,27.05,NORMAL
2046,2026-09-30T10:10:08.000296,26.83,NORMAL
2047,2026-09-30T10:10:09.007660,26.93,NORMAL
2048,2026-09-30T10:10:10.009976,27.14,NORMAL
2049,2026-09-30T10:10:11.013028,27.33,NORMAL
2050,2026-09-30T10:10:12.017345,27.63,NORMAL
2051,2026-09-30T10:10:13.022233,27.73,NORMAL
2052,2026-09-30T10:10:14.034468,28.01,NORMAL
2053,2026-09-30T10:10:15.037557,28.11,NORMAL
2054,2026-09-30T10:10:16.040794,27.98,NORMAL
2055,2026-09-30T10:10:17.043620,28.01,NORMAL
2056,2026-09-30T10:10:18.046514,27.79,NORMAL
2057,2026-09-30T10:10:19.050341,27.79,NORMAL
2058,2026-09-30T10:10:20.053423,27.9,NORMAL
2059,2026-09-30T10:10:21.055196,28.12,NORMAL
2060,2026-09-30T10:10:22.058516,27.85,NORMAL
2061,2026-09-30T10:10:23.063960,27.62,NORMAL
2062,2026-09-30T10:10:24.067741,27.74,NORMAL
2063,2026-09-30T10:10:25.071101,27.99,NORMAL
2064,2026-09-30T10:10:26.074867,28.14,NORMAL
2065,2026-09-30T10:10:27.078483,28.1,NORMAL
2066,2026-09-30T10:10:28.082084,28.35,NORMAL
2067,2026-09-30T10:10:29.085333,28.19,NORMAL
2068,2026-09-30T10:10:30.086688,28.1,NORMAL
2069,2026-09-30T10:10:31.088278,28.08,NORMAL
2070,2026-09-30T10:10:32.092903,27.98,NORMAL
2071,2026-09-30T10:10:33.094524,27.72,NORMAL
2072,2026-09-30T10:10:34.096093,27.61,NORMAL
2073,2026-09-30T10:10:35.099195,27.4,NORMAL
2074,2026-09-30T10:10:36.100966,27.22,NORMAL
2075,2026-09-30T10:10:37.103843,26.96,NORMAL
2076,2026-09-30T10:10:38.106073,27.13,NORMAL
2077,2026-09-30T10:11:06.123702,24.92,NORMAL
2078,2026-09-30T10:11:07.127668,24.71,NORMAL
2079,2026-09-30T10:11:08.185311,24.86,NORMAL
2080,2026-09-30T10:11:09.189541,24.98,NORMAL
2081,2026-09-30T10:11:10.192114,25.01,NORMAL
2082,2026-09-30T10:11:11.195257,24.86,NORMAL
2083,2026-09-30T10:11:12.198466,24.95,NORMAL
2084,2026-09-30T10:11:13.201384,24.85,NORMAL
2085,2026-09-30T10:11:14.205080,24.77,NORMAL
2086,2026-09-30T10:11:15.208367,24.57,NORMAL
2087,2026-09-30T10:11:16.211455,24.7,NORMAL
2088,2026-09-30T10:11:17.214990,24.57,NORMAL
2089,2026-09-30T10:11:18.218222,24.86,NORMAL
2090,2026-09-30T10:11:19.222384,24.94,NORMAL
2091,2026-09-30T10:11:20.225519,24.9,NORMAL
2092,2026-09-30T10:11:21.229105,24.63,NORMAL
2093,2026-09-30T10:11:22.231917,24.38,NORMAL
2094,2026-09-30T10:11:23.235085,24.68,NORMAL
2095,2026-09-30T10:11:24.237948,24.48,NORMAL
2096,2026-09-30T10:11:25.241071,24.28,NORMAL
2097,2026-09-30T10:11:26.244452,24.56,NORMAL
2098,2026-09-30T10:11:27.248495,24.4,NORMAL
2099,2026-09-30T10:11:28.252381,24.55,NORMAL
2100,2026-09-30T10:11:29.256611,24.73,NORMAL
2101,2026-09-30T10:11:30.260265,25.01,NORMAL
2102,2026-09-30T10:11:31.263930,25.18,NORMAL
2103,2026-09-30T10:11:32.267198,25.35,NORMAL
2104,2026-09-30T10:11:33.272209,25.31,NORMAL
2105,2026-09-30T10:11:34.274956,25.22,NORMAL
2106,2026-09-30T10:11:35.278792,25.13,NORMAL
2107,2026-09-30T10:11:36.282361,25.08,NORMAL
2108,2026-09-30T10:11:37.285910,24.84,NORMAL
2109,2026-09-30T10:11:38.289743,24.58,NORMAL
2110,2026-09-30T10:11:39.291885,24.56,NORMAL
2111,2026-09-30T10:11:40.296025,24.84,NORMAL
2112,2026-09-30T10:11:41.299420,24.81,NORMAL
2113,2026-09-30T10:11:42.302896,24.71,NORMAL
2114,2026-09-30T10:11:43.306223,24.87,NORMAL
2115,2026-09-30T10:11:44.309159,24.79,NORMAL
2116,2026-09-30T10:11:45.311837,24.68,NORMAL
2117,2026-09-30T10:11:46.315050,24.54,NORMAL
2118,2026-09-30T10:29:41.539446,25.05,NORMAL
2119,2026-09-30T10:29:42.540747,25.13,NORMAL
2120,2026-09-30T10:29:43.543695,25.11,NORMAL
2121,2026-09-30T10:29:44.544992,25.25,NORMAL
2122,2026-09-30T10:29:45.546934,25.37,NORMAL
2123,2026-09-30T10:29:46.548523,25.27,NORMAL
2124,2026-09-30T10:29:47.550345,25.19,NORMAL
2125,2026-09-30T10:29:48.553997,25.44,NORMAL
2126,2026-09-30T10:29:49.556935,25.6,NORMAL
2127,2026-09-30T10:29:50.559291,25.42,NORMAL
2128,2026-09-30T10:29:51.562501,25.12,NORMAL
2129,2026-09-30T10:29:52.564342,24.84,NORMAL
2130,2026-09-30T10:29:53.565807,25.1,NORMAL
2131,2026-09-30T10:29:54.568141,24.95,NORMAL
2132,2026-09-30T10:29:55.571928,24.68,NORMAL
2133,2026-09-30T10:29:56.575296,24.73,NORMAL
2134,2026-09-30T10:29:57.578246,25.0,NORMAL
2135,2026-09-30T10:29:58.581775,25.07,NORMAL
2136,2026-09-30T10:29:59.584696,25.03,NORMAL
2137,2026-09-30T10:30:00.586627,24.83,NORMAL
2138,2026-09-30T10:30:01.588543,25.01,NORMAL
2139,2026-09-30T10:30:02.592192,24.78,NORMAL
2140,2026-09-30T10:30:03.595064,24.78,NORMAL
2141,2026-09-30T10:30:04.596935,24.89,NORMAL
2142,2026-09-30T10:30:05.600347,25.08,NORMAL
2143,2026-09-30T10:30:06.601543,24.89,NORMAL
2144,2026-09-30T10:30:07.602766,24.59,NORMAL
2145,2026-09-30T10:30:08.603968,24.88,NORMAL
2146,2026-09-30T10:30:09.613621,24.81,NORMAL
2147,2026-09-30T10:30:10.615688,24.69,NORMAL
2148,2026-09-30T10:30:11.616796,24.56,NORMAL
2149,2026-09-30T10:30:12.618764,24.46,NORMAL
2150,2026-09-30T10:30:13.620549,24.43,NORMAL
2151,2026-09-30T10:30:14.621982,24.64,NORMAL
2152,2026-09-30T10:30:15.623320,24.78,NORMAL
2153,2026-09-30T10:30:16.624976,24.89,NORMAL
2154,2026-09-30T10:30:17.633032,24.77,NORMAL
2155,2026-09-30T10:30:18.634718,24.55,NORMAL
2156,2026-09-30T10:30:19.636358,24.51,NORMAL
2157,2026-09-30T10:30:20.638115,24.36,NORMAL
2158,2026-09-30T10:30:21.640169,24.51,NORMAL
2159,2026-09-30T10:30:22.642518,24.45,NORMAL
2160,2026-09-30T10:30:23.644541,24.56,NORMAL
2161,2026-09-30T10:30:24.646071,24.69,NORMAL
2162,2026-09-30T10:30:25.649540,24.91,NORMAL
2163,2026-09-30T10:30:26.652564,25.03,NORMAL
2164,2026-09-30T10:30:27.654431,25.32,NORMAL
2165,2026-09-30T10:30:28.658161,25.49,NORMAL
2166,2026-09-30T10:30:29.659594,25.67,NORMAL
2167,2026-09-30T10:30:30.662473,25.59,NORMAL
2168,2026-09-30T10:30:31.664965,25.58,NORMAL
2169,2026-09-30T10:30:32.667700,25.36,NORMAL
2170,2026-09-30T10:30:33.669813,25.08,NORMAL
2171,2026-09-30T10:30:34.673450,24.84,NORMAL
2172,2026-09-30T10:30:35.676728,24.69,NORMAL
